Data,1. open,2. high,3. low,4. close,5. volume
2025-04-25,12.05,12.09,11.89,12.0,96200.0
2025-04-24,11.76,12.06,11.72,11.95,168900.0
2025-04-23,11.55,11.79,11.55,11.72,91300.0
2025-04-22,11.43,11.59,11.39,11.55,80300.0
2025-04-17,11.38,11.52,11.35,11.44,61300.0
2025-04-16,11.45,11.45,11.23,11.35,38300.0
2025-04-15,11.25,11.5,11.25,11.47,44900.0
2025-04-14,11.33,11.46,11.25,11.38,50800.0
2025-04-11,11.22,11.43,11.22,11.3,49600.0
2025-04-10,11.27,11.37,11.22,11.22,78600.0
2025-04-09,11.15,11.49,11.15,11.38,101800.0
2025-04-08,11.25,11.36,11.23,11.26,76000.0
2025-04-07,11.27,11.37,11.12,11.23,128200.0
2025-04-04,11.4,11.46,11.28,11.4,89800.0
2025-04-03,11.3,11.48,11.2,11.39,80100.0
2025-04-02,11.3,11.33,11.22,11.27,44800.0
2025-04-01,11.25,11.35,11.16,11.29,54600.0
2025-03-31,11.3,11.38,11.26,11.3,52800.0
2025-03-28,11.27,11.34,11.22,11.34,45000.0
2025-03-27,11.3,11.35,11.21,11.28,37400.0
2025-03-26,11.35,11.35,11.27,11.3,46200.0
2025-03-25,11.37,11.42,11.3,11.35,95800.0
2025-03-24,11.44,11.53,11.34,11.37,101300.0
2025-03-21,11.45,11.58,11.45,11.45,64000.0
2025-03-20,11.35,11.5,11.34,11.44,119500.0
2025-03-19,11.35,11.47,11.1,11.35,100600.0
2025-03-18,11.41,11.51,11.41,11.42,57500.0
2025-03-17,11.35,11.5,11.26,11.41,112600.0
2025-03-14,11.16,11.36,11.12,11.35,89800.0
2025-03-13,11.05,11.2,10.97,11.12,50800.0
2025-03-12,11.01,11.29,10.9,11.05,74500.0
2025-03-11,11.09,11.09,10.98,11.01,62800.0
2025-03-10,11.05,11.11,10.98,11.09,67400.0
2025-03-07,10.94,11.09,10.88,11.08,58800.0
2025-03-06,10.92,10.96,10.86,10.94,63800.0
2025-03-05,10.94,11.0,10.8,10.92,61400.0
2025-02-28,10.95,10.99,10.84,10.94,70500.0
2025-02-27,10.94,11.0,10.91,10.95,71400.0
2025-02-26,10.96,11.03,10.92,10.94,77000.0
2025-02-25,10.89,11.0,10.85,10.96,49300.0
2025-02-24,10.95,10.95,10.85,10.89,62500.0
2025-02-21,10.91,10.92,10.83,10.91,49200.0
2025-02-20,10.89,10.89,10.81,10.86,77400.0
2025-02-19,10.96,11.01,10.83,10.85,85200.0
2025-02-18,11.06,11.43,10.85,10.97,152800.0
2025-02-17,11.09,11.09,10.95,10.95,83800.0
2025-02-14,10.82,11.09,10.82,11.04,79000.0
2025-02-13,10.9,10.9,10.78,10.82,84500.0
2025-02-12,11.09,11.09,10.86,10.93,59500.0
2025-02-11,10.85,11.04,10.85,11.04,56500.0
2025-02-10,10.99,11.0,10.9,10.92,53600.0
2025-02-07,11.0,11.02,10.89,10.99,68700.0
2025-02-06,11.0,11.01,10.9,11.0,61300.0
2025-02-05,11.11,11.13,10.97,11.0,66300.0
2025-02-04,11.1,11.14,10.99,11.11,52100.0
2025-02-03,11.1,11.18,11.01,11.07,79700.0
2025-01-31,10.97,11.18,10.97,11.1,92300.0
2025-01-30,10.82,11.0,10.76,10.97,87600.0
2025-01-29,10.84,10.86,10.76,10.76,119200.0
2025-01-28,10.72,10.83,10.71,10.83,56700.0
2025-01-27,10.72,10.85,10.6,10.72,127300.0
2025-01-24,10.81,10.81,10.59,10.72,190300.0
2025-01-23,10.88,10.89,10.65,10.7,192400.0
2025-01-22,10.93,10.98,10.87,10.88,52700.0
2025-01-21,10.91,11.0,10.87,10.92,55900.0
2025-01-20,10.84,10.92,10.78,10.92,53100.0
2025-01-17,10.74,10.92,10.7,10.9,100400.0
2025-01-16,10.79,10.83,10.73,10.73,101300.0
2025-01-15,10.73,10.9,10.73,10.79,88600.0
2025-01-14,10.73,10.8,10.65,10.73,77900.0
2025-01-13,10.83,10.89,10.68,10.72,121500.0
2025-01-10,10.96,10.96,10.82,10.83,91400.0
2025-01-09,10.96,11.01,10.9,10.96,56900.0
2025-01-08,11.17,11.17,10.9,10.9,60000.0
2025-01-07,10.89,11.21,10.89,11.05,86300.0
2025-01-06,10.81,10.93,10.69,10.89,103600.0
2025-01-03,11.05,11.05,10.7,10.7,182900.0
2025-01-02,11.02,11.05,10.85,10.94,131800.0
2024-12-30,11.08,11.08,10.91,10.91,140400.0
2024-12-27,11.05,11.09,10.98,11.08,95300.0
2024-12-26,10.89,11.04,10.88,11.0,87400.0
2024-12-23,11.15,11.24,10.86,10.88,160600.0
2024-12-20,11.01,11.29,10.99,11.29,74500.0
2024-12-19,11.01,11.11,10.91,11.01,109000.0
2024-12-18,11.25,11.26,10.9,10.9,183000.0
2024-12-17,11.21,11.29,11.17,11.25,152000.0
2024-12-16,11.3,11.4,11.17,11.21,87900.0
2024-12-13,11.3,11.37,11.28,11.3,53400.0
2024-12-12,11.37,11.42,11.3,11.3,90700.0
2024-12-11,11.41,11.49,11.33,11.4,69100.0
2024-12-10,11.41,11.42,11.3,11.41,57700.0
2024-12-09,11.4,11.42,11.25,11.32,86500.0
2024-12-06,11.49,11.49,11.3,11.49,75000.0
2024-12-05,11.4,11.48,11.36,11.36,58600.0
2024-12-04,11.35,11.44,11.32,11.44,66300.0
2024-12-03,11.25,11.41,11.25,11.35,72200.0
2024-12-02,11.22,11.37,11.22,11.33,90400.0
2024-11-30,11.18,11.4,11.14,11.32,95800.0
2024-11-29,11.18,11.32,11.14,11.32,95200.0
2024-11-28,11.4,11.41,11.18,11.18,109000.0
2024-11-27,11.46,11.52,11.29,11.31,118400.0
2024-11-26,11.45,11.5,11.39,11.46,58000.0
2024-11-25,11.37,11.45,11.35,11.45,71800.0
2024-11-22,11.25,11.39,11.25,11.36,36900.0
2024-11-21,11.34,11.39,11.25,11.25,47900.0
2024-11-19,11.25,11.36,11.21,11.36,41000.0
2024-11-18,11.35,11.36,11.21,11.25,92900.0
2024-11-14,11.3,11.41,11.28,11.29,68400.0
2024-11-13,11.45,11.45,11.24,11.34,160200.0
2024-11-12,11.57,11.72,11.02,11.33,177500.0
2024-11-11,11.68,11.72,11.55,11.64,120700.0
2024-11-08,11.63,11.82,11.5,11.64,127000.0
2024-11-07,11.56,11.8,11.56,11.65,108000.0
2024-11-06,11.53,11.56,11.4,11.56,53700.0
2024-11-05,11.57,11.6,11.47,11.51,74300.0
2024-11-04,11.49,11.6,11.49,11.59,85600.0
2024-11-01,11.59,11.65,11.48,11.48,74300.0
2024-10-31,11.51,11.64,11.5,11.59,84700.0
2024-10-30,11.41,11.52,11.41,11.51,51700.0
2024-10-29,11.41,11.47,11.41,11.43,47900.0
2024-10-28,11.35,11.46,11.35,11.46,68200.0
2024-10-25,11.41,11.44,11.4,11.42,40300.0
2024-10-24,11.44,11.44,11.39,11.41,27700.0
2024-10-23,11.49,11.49,11.36,11.4,42700.0
2024-10-22,11.54,11.54,11.41,11.49,69000.0
2024-10-21,11.59,11.62,11.51,11.54,47900.0
2024-10-18,11.65,11.65,11.51,11.56,34500.0
2024-10-17,11.63,11.63,11.5,11.58,51000.0
2024-10-16,11.59,11.71,11.59,11.68,50700.0
2024-10-15,11.52,11.58,11.47,11.56,46500.0
2024-10-14,11.39,11.5,11.39,11.48,58200.0
2024-10-11,11.49,11.49,11.38,11.44,75100.0
2024-10-10,11.4,11.57,11.39,11.49,46400.0
2024-10-09,11.52,11.52,11.4,11.45,63100.0
2024-10-08,11.49,11.52,11.43,11.52,42500.0
2024-10-07,11.4,11.54,11.4,11.52,55100.0
2024-10-04,11.4,11.43,11.32,11.41,58400.0
2024-10-03,11.49,11.49,11.36,11.41,62600.0
2024-10-02,11.43,11.54,11.43,11.48,58300.0
2024-10-01,11.52,11.52,11.39,11.43,56500.0
2024-09-30,11.43,11.44,11.33,11.4,54500.0
2024-09-27,11.4,11.46,11.35,11.37,60800.0
2024-09-26,11.34,11.42,11.32,11.4,60400.0
2024-09-25,11.41,11.45,11.32,11.36,70400.0
2024-09-24,11.45,11.52,11.35,11.41,74900.0
2024-09-23,11.5,11.55,11.31,11.42,81200.0
2024-09-20,11.45,11.48,11.33,11.47,124600.0
2024-09-19,11.5,11.58,11.41,11.45,101900.0
2024-09-18,11.55,11.57,11.49,11.5,62900.0
2024-09-17,11.69,11.69,11.51,11.55,124000.0
2024-09-16,11.76,11.78,11.67,11.77,58400.0
2024-09-13,11.67,11.76,11.66,11.75,56300.0
2024-09-12,11.66,11.68,11.56,11.63,69000.0
2024-09-11,11.77,11.83,11.66,11.66,66400.0
2024-09-10,11.86,11.86,11.77,11.77,49100.0
2024-09-09,11.86,11.93,11.82,11.84,56100.0
2024-09-06,11.95,11.98,11.83,11.96,88000.0
2024-09-05,12.03,12.04,11.88,11.88,79900.0
2024-09-04,11.85,12.0,11.84,12.0,121800.0
2024-09-03,11.76,11.86,11.73,11.86,66400.0
2024-09-02,11.77,11.78,11.63,11.72,105200.0
2024-08-30,11.73,11.77,11.58,11.77,71600.0
2024-08-29,11.64,11.69,11.55,11.69,39200.0
2024-08-28,11.56,11.69,11.45,11.67,70200.0
2024-08-27,11.82,11.82,11.49,11.55,143900.0
2024-08-26,11.86,11.86,11.7,11.72,92500.0
2024-08-23,11.83,11.95,11.82,11.84,104300.0
2024-08-22,11.79,11.88,11.79,11.86,112900.0
2024-08-21,11.8,11.85,11.74,11.83,60400.0
2024-08-20,11.71,11.8,11.66,11.8,56700.0
2024-08-19,11.51,11.74,11.46,11.74,119700.0
2024-08-17,11.6,11.61,11.46,11.5,117100.0
2024-08-16,11.6,11.61,11.46,11.5,114700.0
2024-08-15,11.8,11.83,11.68,11.79,158600.0
2024-08-14,11.73,11.88,11.71,11.76,119100.0
2024-08-13,11.76,11.9,11.66,11.72,144200.0
2024-08-12,11.69,11.79,11.6,11.7,88200.0
2024-08-09,11.6,11.69,11.59,11.69,52300.0
2024-08-08,11.63,11.68,11.58,11.6,43900.0
2024-08-07,11.43,11.73,11.43,11.62,61900.0
2024-08-06,11.45,11.54,11.41,11.48,78400.0
2024-08-05,11.34,11.45,11.24,11.4,115200.0
2024-08-02,11.35,11.51,11.34,11.48,148500.0
2024-08-01,11.29,11.36,11.22,11.31,151600.0
2024-07-31,11.27,11.28,11.2,11.21,90700.0
2024-07-30,11.23,11.29,11.2,11.25,86200.0
2024-07-29,11.22,11.27,11.21,11.23,85900.0
2024-07-26,11.32,11.32,11.17,11.22,61600.0
2024-07-25,11.25,11.27,11.18,11.18,107900.0
2024-07-24,11.29,11.29,11.19,11.25,152300.0
2024-07-23,11.38,11.38,11.22,11.29,135800.0
2024-07-22,11.29,11.36,11.22,11.36,133000.0
2024-07-19,11.45,11.48,11.25,11.29,181100.0
2024-07-18,11.62,11.65,11.47,11.5,115100.0
2024-07-17,11.68,11.68,11.59,11.62,62900.0
2024-07-16,11.63,11.69,11.59,11.59,98200.0
2024-07-15,11.69,11.69,11.59,11.63,87100.0
2024-07-12,11.64,11.7,11.59,11.64,64800.0
2024-07-11,11.57,11.65,11.54,11.63,66300.0
2024-07-10,11.48,11.55,11.46,11.55,73900.0
2024-07-09,11.41,11.5,11.41,11.45,65600.0
2024-07-08,11.48,11.59,11.41,11.41,93400.0
2024-07-05,11.44,11.5,11.39,11.48,80700.0
2024-07-04,11.47,11.5,11.42,11.43,95900.0
2024-07-03,11.4,11.48,11.4,11.47,103900.0
2024-07-02,11.38,11.43,11.32,11.38,116000.0
2024-07-01,11.35,11.4,11.3,11.38,122100.0
2024-06-29,11.32,11.35,11.28,11.32,0.0
2024-06-28,11.32,11.35,11.28,11.32,112300.0
2024-06-27,11.26,11.31,11.21,11.29,134800.0
2024-06-26,11.21,11.28,11.18,11.27,87400.0
2024-06-25,11.24,11.27,11.18,11.27,76400.0
2024-06-24,11.19,11.28,11.15,11.24,75800.0
2024-06-21,11.13,11.26,11.08,11.19,75900.0
2024-06-20,11.07,11.16,11.07,11.09,61100.0
2024-06-19,11.04,11.07,10.98,11.03,82200.0
2024-06-18,11.06,11.08,11.01,11.01,106000.0
2024-06-17,11.11,11.12,11.02,11.02,107400.0
2024-06-14,11.09,11.14,11.05,11.08,132300.0
2024-06-13,11.13,11.14,11.07,11.09,81000.0
2024-06-12,11.16,11.25,11.1,11.1,121600.0
2024-06-11,11.14,11.21,11.13,11.16,87200.0
2024-06-10,11.24,11.25,11.11,11.13,188800.0
2024-06-07,11.31,11.31,11.15,11.21,204200.0
2024-06-06,11.3,11.38,11.22,11.31,94500.0
2024-06-05,11.39,11.4,11.22,11.28,132800.0
2024-06-04,11.35,11.42,11.27,11.38,126100.0
2024-06-03,11.4,11.42,11.07,11.27,241800.0
2024-05-31,11.5,11.5,11.39,11.4,159500.0
2024-05-29,11.61,11.61,11.49,11.49,102300.0
2024-05-28,11.6,11.7,11.57,11.57,81900.0
2024-05-27,11.7,11.74,11.61,11.74,98800.0
2024-05-25,11.6,11.77,11.58,11.74,0.0
2024-05-24,11.6,11.77,11.58,11.74,63900.0
2024-05-23,11.74,11.75,11.55,11.56,71500.0
2024-05-22,11.82,11.83,11.68,11.7,91700.0
2024-05-21,11.7,11.84,11.67,11.84,85500.0
2024-05-20,11.6,11.67,11.54,11.67,119900.0
2024-05-17,11.67,11.67,11.59,11.59,98900.0
2024-05-16,11.55,11.64,11.55,11.63,123800.0
2024-05-15,11.52,11.57,11.48,11.54,135200.0
2024-05-14,11.55,11.55,11.46,11.55,92800.0
2024-05-13,11.59,11.62,11.5,11.55,160200.0
2024-05-10,11.6,11.67,11.53,11.53,142200.0
2024-05-09,11.77,11.77,11.49,11.6,163900.0
2024-05-08,11.78,11.84,11.75,11.78,45900.0
2024-05-07,11.85,11.86,11.75,11.79,55800.0
2024-05-06,11.68,11.86,11.45,11.84,214700.0
2024-05-03,12.06,12.2,12.05,12.17,199100.0
2024-05-02,11.75,12.05,11.73,12.05,352100.0
2024-04-30,11.75,11.75,11.66,11.71,267600.0
2024-04-29,11.72,11.75,11.63,11.66,178300.0
2024-04-26,11.66,11.8,11.66,11.7,83300.0
2024-04-25,11.74,11.8,11.66,11.66,62600.0
2024-04-24,11.75,11.81,11.69,11.72,73700.0
2024-04-23,11.87,11.88,11.67,11.75,83800.0
2024-04-22,11.85,11.87,11.79,11.87,52100.0
2024-04-19,11.83,11.87,11.79,11.85,83300.0
2024-04-18,11.87,11.92,11.82,11.82,75000.0
2024-04-17,11.87,12.01,11.84,11.86,76000.0
2024-04-16,11.91,12.05,11.85,11.89,79600.0
2024-04-15,11.91,11.98,11.8,11.88,93700.0
2024-04-12,12.11,12.12,11.87,11.91,108700.0
2024-04-11,12.04,12.13,11.98,12.11,51800.0
2024-04-10,12.11,12.12,12.02,12.03,65200.0
2024-04-09,11.98,12.15,11.98,12.1,55400.0
2024-04-08,11.98,12.0,11.93,11.98,78200.0
2024-04-05,12.1,12.1,11.93,12.01,95800.0
2024-04-04,12.09,12.11,11.98,11.99,142900.0
2024-04-03,12.0,12.08,11.95,12.03,53300.0
2024-04-02,12.03,12.04,11.95,11.99,69800.0
2024-04-01,12.0,12.14,11.95,12.07,120400.0
2024-03-28,11.95,12.05,11.86,12.0,74400.0
2024-03-27,11.88,12.0,11.86,11.95,49700.0
2024-03-26,11.91,11.93,11.8,11.88,98000.0
2024-03-25,11.93,11.99,11.87,11.88,84600.0
2024-03-23,11.93,11.97,11.91,11.93,0.0
2024-03-22,11.93,11.97,11.91,11.93,56600.0
2024-03-21,11.95,11.99,11.85,11.93,63700.0
2024-03-20,11.82,11.95,11.74,11.95,62700.0
2024-03-19,11.71,11.82,11.67,11.82,65200.0
2024-03-18,11.74,11.77,11.64,11.7,104800.0
2024-03-15,11.7,11.78,11.7,11.7,82300.0
2024-03-14,11.66,11.73,11.66,11.7,94200.0
2024-03-13,11.65,11.7,11.61,11.65,62200.0
2024-03-12,11.71,11.71,11.63,11.65,82400.0
2024-03-11,11.71,11.75,11.61,11.61,111600.0
2024-03-08,11.69,11.82,11.65,11.71,117600.0
2024-03-07,11.52,11.8,11.52,11.8,143900.0
2024-03-06,11.5,11.58,11.42,11.47,119600.0
2024-03-05,11.5,11.55,11.45,11.54,126100.0
2024-03-04,11.56,11.57,11.46,11.48,124600.0
2024-03-01,11.7,11.7,11.54,11.56,130900.0
2024-02-29,11.54,11.7,11.52,11.68,72200.0
2024-02-28,11.66,11.66,11.52,11.54,129700.0
2024-02-27,11.56,11.7,11.56,11.65,80800.0
2024-02-26,11.64,11.64,11.51,11.56,136200.0
2024-02-23,11.66,11.7,11.53,11.64,124000.0
2024-02-22,11.54,11.68,11.54,11.66,176600.0
2024-02-21,11.73,11.74,11.41,11.53,312800.0
2024-02-20,11.67,11.75,11.56,11.72,197500.0
2024-02-19,11.79,11.79,11.65,11.67,213100.0
2024-02-16,11.9,11.95,11.78,11.83,189200.0
2024-02-15,11.87,12.01,11.87,11.9,106600.0
2024-02-14,11.94,11.94,11.77,11.87,121400.0
2024-02-09,12.0,12.01,11.88,11.94,150800.0
2024-02-08,12.14,12.19,11.95,12.0,143100.0
2024-02-07,12.14,12.25,12.1,12.13,80100.0
2024-02-06,12.03,12.13,11.97,12.13,91900.0
2024-02-05,12.09,12.14,11.98,12.03,145300.0
2024-02-02,12.15,12.23,12.08,12.09,81500.0
2024-02-01,12.18,12.2,12.1,12.2,67400.0
2024-01-31,12.08,12.32,12.06,12.19,97200.0
2024-01-30,12.12,12.19,12.01,12.08,105400.0
2024-01-29,12.22,12.24,12.08,12.12,177100.0
2024-01-26,12.19,12.24,12.15,12.22,63400.0
2024-01-25,12.17,12.21,12.13,12.2,53000.0
2024-01-24,12.21,12.3,12.18,12.18,59400.0
2024-01-23,12.2,12.25,12.13,12.19,77600.0
2024-01-22,12.33,12.39,12.13,12.17,140200.0
2024-01-19,12.32,12.38,12.27,12.33,57400.0
2024-01-18,12.43,12.43,12.25,12.32,143300.0
2024-01-17,12.4,12.46,12.38,12.42,101900.0
2024-01-16,12.53,12.55,12.4,12.4,132900.0
2024-01-15,12.48,12.54,12.41,12.53,110700.0
2024-01-12,12.37,12.49,12.36,12.45,77200.0
2024-01-11,12.51,12.51,12.23,12.37,163400.0
2024-01-10,12.52,12.58,12.43,12.51,91600.0
2024-01-09,12.4,12.55,12.35,12.52,66700.0
2024-01-08,12.5,12.53,12.38,12.38,108700.0
2024-01-05,12.35,12.55,12.34,12.49,88300.0
2024-01-04,12.46,12.56,12.35,12.35,114400.0
2024-01-03,12.73,12.83,12.6,12.8,243500.0
2024-01-02,12.85,12.85,12.65,12.72,249600.0
2023-12-28,12.66,12.8,12.6,12.8,196800.0
2023-12-27,12.5,12.61,12.45,12.57,59900.0
2023-12-26,12.55,12.55,12.42,12.5,63600.0
2023-12-22,12.39,12.55,12.39,12.55,76000.0
2023-12-21,12.44,12.44,12.36,12.39,54900.0
2023-12-20,12.43,12.49,12.38,12.43,94700.0
2023-12-19,12.28,12.43,12.24,12.43,114200.0
2023-12-18,12.3,12.37,12.21,12.24,109100.0
2023-12-15,12.27,12.3,12.18,12.3,88300.0
2023-12-14,12.22,12.33,12.2,12.28,103000.0
2023-12-13,11.94,12.21,11.94,12.16,133500.0
2023-12-12,11.96,11.99,11.91,11.94,79600.0
2023-12-11,11.99,12.02,11.88,11.97,143600.0
2023-12-08,12.0,12.02,11.85,11.99,101400.0
2023-12-07,12.05,12.1,11.95,12.0,94500.0
2023-12-06,12.06,12.15,12.05,12.05,76500.0
2023-12-05,12.12,12.12,11.95,12.0,121400.0
2023-12-04,12.08,12.12,12.05,12.12,87800.0
2023-12-01,12.12,12.16,12.03,12.08,88000.0
2023-11-30,12.1,12.14,12.01,12.12,113400.0
2023-11-29,12.15,12.2,12.07,12.11,118800.0
2023-11-28,12.18,12.25,12.09,12.14,121600.0
2023-11-27,12.13,12.24,12.13,12.18,111000.0
2023-11-24,12.15,12.19,12.12,12.15,127500.0
2023-11-23,12.16,12.22,12.12,12.14,250400.0
2023-11-22,12.02,12.24,12.02,12.16,205700.0
2023-11-21,12.01,12.17,12.01,12.02,119200.0
2023-11-20,12.0,12.1,11.9,12.01,157600.0
2023-11-17,12.05,12.12,11.94,12.0,170600.0
2023-11-16,12.14,12.18,12.03,12.05,124300.0
2023-11-14,11.8,12.15,11.7,12.14,205200.0
2023-11-13,12.0,12.03,11.91,11.97,182300.0
2023-11-10,11.9,12.05,11.81,12.03,133900.0
2023-11-09,11.9,11.95,11.77,11.86,134300.0
2023-11-08,11.97,11.97,11.83,11.83,100800.0
2023-11-07,11.69,11.97,11.65,11.93,165500.0
2023-11-06,11.57,11.74,11.57,11.69,87500.0
2023-11-03,11.31,11.58,11.31,11.57,101700.0
2023-11-01,11.23,11.34,11.19,11.29,119800.0
2023-10-31,11.2,11.29,11.19,11.23,97000.0
2023-10-30,11.27,11.35,11.16,11.22,153900.0
2023-10-27,11.42,11.46,11.22,11.27,107600.0
2023-10-26,11.24,11.44,11.22,11.37,81400.0
2023-10-25,11.29,11.31,11.21,11.24,86800.0
2023-10-24,11.25,11.31,11.22,11.29,99100.0
2023-10-23,11.17,11.31,11.15,11.23,100900.0
2023-10-20,11.29,11.33,11.14,11.14,154200.0
2023-10-19,11.16,11.38,11.14,11.28,149100.0
2023-10-18,11.11,11.25,11.03,11.16,185800.0
2023-10-17,11.25,11.26,11.1,11.11,193900.0
2023-10-16,11.17,11.25,11.14,11.24,117900.0
2023-10-13,11.29,11.29,11.12,11.17,251000.0
2023-10-11,11.4,11.43,11.22,11.31,194000.0
2023-10-10,11.3,11.4,11.27,11.37,104600.0
2023-10-09,11.39,11.39,11.19,11.29,217600.0
2023-10-06,11.35,11.42,11.23,11.39,149100.0
2023-10-05,11.4,11.5,11.3,11.35,119500.0
2023-10-04,11.28,11.5,11.26,11.4,147000.0
2023-10-03,11.52,11.52,11.25,11.27,245600.0
2023-10-02,11.53,11.54,11.43,11.53,92200.0
2023-09-29,11.51,11.59,11.48,11.51,96400.0
2023-09-28,11.5,11.56,11.41,11.51,119400.0
2023-09-27,11.44,11.51,11.34,11.51,135100.0
2023-09-26,11.57,11.58,11.42,11.43,146900.0
2023-09-25,11.65,11.67,11.52,11.54,132100.0
2023-09-22,11.7,11.71,11.6,11.65,111600.0
2023-09-21,11.7,11.74,11.6,11.71,149500.0
2023-09-20,11.7,11.78,11.7,11.7,61900.0
2023-09-19,11.73,11.74,11.64,11.67,96500.0
2023-09-18,11.76,11.78,11.62,11.75,135800.0
2023-09-15,11.66,11.76,11.64,11.75,75300.0
2023-09-14,11.6,11.67,11.58,11.62,85300.0
2023-09-13,11.57,11.64,11.5,11.6,94400.0
2023-09-12,11.54,11.59,11.5,11.55,91300.0
2023-09-11,11.45,11.57,11.38,11.53,111400.0
2023-09-09,11.35,11.44,11.31,11.43,192300.0
2023-09-08,11.35,11.44,11.31,11.43,188900.0
2023-09-06,11.46,11.48,11.31,11.35,328600.0
2023-09-05,11.64,11.65,11.45,11.46,216700.0
2023-09-04,11.67,11.7,11.59,11.64,188600.0
2023-09-02,11.45,11.64,11.41,11.63,221200.0
2023-09-01,11.45,11.63,11.41,11.63,218500.0
2023-08-31,11.57,11.58,11.44,11.44,284200.0
2023-08-30,11.64,11.68,11.54,11.62,265600.0
2023-08-29,11.58,11.67,11.58,11.64,209300.0
2023-08-28,11.61,11.61,11.47,11.58,167800.0
2023-08-25,11.62,11.66,11.59,11.6,138500.0
2023-08-24,11.53,11.63,11.5,11.62,167300.0
2023-08-23,11.49,11.52,11.43,11.52,142500.0
2023-08-22,11.53,11.53,11.43,11.53,159300.0
2023-08-21,11.63,11.63,11.47,11.53,206600.0
2023-08-18,11.54,11.67,11.5,11.62,127300.0
2023-08-17,11.54,11.54,11.42,11.54,146500.0
2023-08-16,11.53,11.54,11.4,11.5,250600.0
2023-08-15,11.6,11.64,11.46,11.54,241200.0
2023-08-14,11.59,11.64,11.55,11.62,149800.0
2023-08-11,11.63,11.71,11.52,11.59,243900.0
2023-08-10,11.62,11.74,11.6,11.63,185200.0
2023-08-09,11.81,11.87,11.61,11.62,313800.0
2023-08-08,11.98,11.98,11.76,11.8,349400.0
2023-08-07,12.23,12.34,12.14,12.19,422700.0
2023-08-04,12.2,12.37,12.18,12.23,258100.0
2023-08-03,12.13,12.28,12.13,12.18,322200.0
2023-08-02,12.05,12.1,12.0,12.07,128600.0
2023-08-01,12.03,12.08,11.97,12.05,208900.0
2023-07-31,12.1,12.12,12.03,12.07,178600.0
2023-07-28,12.06,12.1,12.04,12.08,84300.0
2023-07-27,12.09,12.15,12.01,12.01,107500.0
2023-07-26,12.09,12.15,12.01,12.08,135700.0
2023-07-25,12.21,12.23,12.02,12.08,246900.0
2023-07-24,12.2,12.3,12.17,12.17,103400.0
2023-07-21,12.07,12.28,12.07,12.21,96600.0
2023-07-20,12.08,12.11,12.0,12.07,145000.0
2023-07-19,12.11,12.12,12.01,12.06,111900.0
2023-07-18,12.14,12.15,12.04,12.09,103200.0
2023-07-17,12.11,12.14,12.02,12.13,109000.0
2023-07-14,12.15,12.15,12.01,12.11,143000.0
2023-07-13,12.08,12.16,12.03,12.1,145600.0
2023-07-12,12.23,12.23,12.05,12.09,135700.0
2023-07-11,12.28,12.28,12.01,12.15,210300.0
2023-07-10,12.45,12.45,12.2,12.28,166300.0
2023-07-07,12.34,12.46,12.32,12.45,74300.0
2023-07-06,12.4,12.4,12.27,12.34,121500.0
2023-07-05,12.43,12.44,12.3,12.37,147800.0
2023-07-04,12.57,12.57,12.36,12.43,121200.0
2023-07-03,12.59,12.6,12.43,12.46,162700.0
2023-06-30,12.45,12.64,12.43,12.59,107900.0
2023-06-29,12.45,12.5,12.3,12.43,130500.0
2023-06-28,12.47,12.54,12.38,12.44,91600.0
2023-06-27,12.6,12.97,12.38,12.47,129000.0
2023-06-26,12.67,12.69,12.55,12.62,74800.0
2023-06-23,12.58,12.73,12.51,12.66,119200.0
2023-06-22,12.59,12.59,12.45,12.53,98100.0
2023-06-21,12.6,12.61,12.51,12.59,71800.0
2023-06-20,12.56,12.65,12.48,12.61,72200.0
2023-06-19,12.46,12.69,12.4,12.56,107300.0
2023-06-16,12.62,12.65,12.42,12.46,121600.0
2023-06-15,12.7,12.72,12.61,12.62,69200.0
2023-06-14,12.47,12.7,12.47,12.69,66800.0
2023-06-13,12.7,12.73,12.45,12.47,83400.0
2023-06-12,12.61,12.71,12.6,12.62,83300.0
2023-06-09,12.5,12.64,12.47,12.6,78700.0
2023-06-07,12.43,12.58,12.0,12.49,104300.0
2023-06-06,12.22,12.48,12.16,12.44,118200.0
2023-06-05,12.32,12.35,12.12,12.22,122800.0
2023-06-02,12.42,12.46,12.27,12.27,113000.0
2023-06-01,12.39,12.43,12.23,12.37,83000.0
2023-05-31,12.48,12.51,12.37,12.4,66400.0
2023-05-30,12.59,12.64,12.46,12.5,74200.0
2023-05-29,12.46,12.67,12.46,12.59,98000.0
2023-05-26,12.46,12.63,12.46,12.48,74900.0
2023-05-25,12.41,12.57,12.39,12.42,75200.0
2023-05-24,12.4,12.48,12.2,12.41,83700.0
2023-05-23,12.35,12.44,12.35,12.36,71600.0
2023-05-22,12.42,12.54,12.34,12.35,56300.0
2023-05-19,12.41,12.61,12.35,12.43,93200.0
2023-05-18,12.33,12.49,12.28,12.37,111000.0
2023-05-17,12.3,12.44,12.28,12.33,74800.0
2023-05-16,12.35,12.45,12.28,12.34,69900.0
2023-05-15,12.33,12.45,12.3,12.34,65400.0
2023-05-12,12.31,12.46,12.0,12.36,153400.0
2023-05-11,12.18,12.39,12.07,12.31,94300.0
2023-05-10,12.08,12.32,11.99,12.2,161300.0
2023-05-09,11.97,12.14,11.93,12.08,88400.0
2023-05-08,11.96,12.01,11.91,11.96,140000.0
2023-05-06,11.86,12.1,11.85,12.0,159200.0
2023-05-05,11.86,12.1,11.85,12.0,158300.0
2023-05-04,12.19,12.2,11.51,11.81,311700.0
2023-05-03,12.0,12.11,12.0,12.06,116300.0
2023-05-02,12.07,12.1,11.88,12.0,114400.0
2023-04-29,11.75,12.14,11.75,12.07,184600.0
2023-04-28,11.75,12.14,11.75,12.07,184000.0
2023-04-27,11.67,11.84,11.67,11.72,127700.0
2023-04-26,11.78,11.82,11.61,11.7,132200.0
2023-04-25,11.81,11.87,11.7,11.78,123300.0
2023-04-24,11.57,11.84,11.56,11.81,217800.0
2023-04-20,11.6,11.63,11.5,11.57,89400.0
2023-04-19,11.66,11.74,11.58,11.58,103800.0
2023-04-18,11.73,11.79,11.61,11.67,106900.0
2023-04-17,11.61,11.81,11.57,11.73,217800.0
2023-04-14,11.65,11.65,11.48,11.61,150600.0
2023-04-13,11.57,11.63,11.51,11.59,120100.0
2023-04-12,11.33,11.62,11.33,11.55,197900.0
2023-04-11,11.35,11.47,11.22,11.32,385100.0
2023-04-10,11.68,11.71,11.08,11.27,476400.0
2023-04-05,11.7,11.8,11.57,11.67,120300.0
2023-04-04,11.61,11.77,11.53,11.7,118200.0
2023-04-03,11.74,11.74,11.4,11.56,210700.0
2023-03-31,11.62,11.7,11.55,11.61,149500.0
2023-03-30,11.63,11.73,11.55,11.62,175600.0
2023-03-29,11.69,11.72,11.51,11.62,134000.0
2023-03-28,11.69,11.69,11.58,11.68,146200.0
2023-03-27,11.69,11.77,11.63,11.68,134700.0
2023-03-24,11.6,11.7,11.5,11.69,112500.0
2023-03-23,11.64,11.67,11.38,11.51,187700.0
2023-03-22,11.67,11.71,11.54,11.64,153600.0
2023-03-21,11.9,11.9,11.6,11.64,200800.0
2023-03-20,11.88,12.01,11.79,11.9,166100.0
2023-03-17,11.99,11.99,11.7,11.88,202000.0
2023-03-16,12.38,12.4,11.92,11.93,337900.0
2023-03-15,12.24,12.54,12.19,12.49,135300.0
2023-03-14,12.11,12.26,12.11,12.24,88200.0
2023-03-13,12.0,12.29,11.97,12.1,137200.0
2023-03-10,12.0,12.06,11.91,12.0,154100.0
2023-03-09,12.07,12.12,11.97,12.06,146700.0
2023-03-08,12.0,12.08,11.95,12.08,105100.0
2023-03-07,12.09,12.09,11.89,12.0,194000.0
2023-03-06,11.95,12.03,11.9,11.99,175500.0
2023-03-03,11.92,12.03,11.79,11.95,219700.0
2023-03-02,11.94,12.09,11.85,11.92,228700.0
2023-03-01,11.86,11.93,11.81,11.93,177000.0
2023-02-28,11.92,11.95,11.81,11.86,166300.0
2023-02-27,11.8,11.93,11.74,11.87,199100.0
2023-02-24,11.89,11.92,11.76,11.8,258400.0
2023-02-23,11.95,11.98,11.82,11.89,133700.0
2023-02-22,11.98,12.01,11.8,11.98,184900.0
2023-02-17,11.96,12.1,11.96,11.98,141300.0
2023-02-16,12.0,12.01,11.88,11.95,196000.0
2023-02-15,11.99,12.06,11.93,12.0,161100.0
2023-02-14,12.06,12.11,11.91,11.99,173300.0
2023-02-13,11.93,12.16,11.93,12.06,138800.0
2023-02-10,11.89,12.0,11.8,11.94,132200.0
2023-02-09,12.05,12.05,11.79,11.89,204800.0
2023-02-08,11.86,12.02,11.84,12.0,172700.0
2023-02-07,12.0,12.06,11.8,11.86,264900.0
2023-02-06,11.93,12.09,11.86,12.0,177000.0
2023-02-03,12.04,12.06,11.84,11.84,286700.0
2023-02-02,12.11,12.16,11.96,12.06,230800.0
2023-02-01,12.38,12.4,12.02,12.06,359100.0
2023-01-31,12.15,12.36,12.13,12.3,148600.0
2023-01-30,12.13,12.19,12.06,12.15,204900.0
2023-01-27,12.06,12.27,12.05,12.09,195400.0
2023-01-26,11.93,12.09,11.91,12.0,214800.0
2023-01-25,11.9,11.96,11.86,11.93,230100.0
2023-01-24,11.76,11.91,11.67,11.9,239400.0
2023-01-23,11.79,11.91,11.76,11.76,326900.0
2023-01-20,11.85,11.85,11.71,11.79,166000.0
2023-01-19,11.74,11.84,11.68,11.82,129100.0
2023-01-18,11.69,11.79,11.68,11.74,229300.0
2023-01-17,11.62,11.72,11.59,11.68,157900.0
2023-01-16,11.68,11.68,11.56,11.6,222900.0
2023-01-13,11.66,11.75,11.51,11.62,175600.0
2023-01-12,11.6,11.8,11.55,11.65,264700.0
2023-01-11,11.5,11.6,11.35,11.6,298200.0
2023-01-10,12.1,12.11,11.86,11.99,857800.0
2023-01-09,11.96,12.03,11.71,11.93,816000.0
2023-01-06,11.74,12.04,11.62,11.82,921200.0
2023-01-05,11.37,11.47,11.29,11.47,129900.0
2023-01-04,11.39,11.42,11.24,11.35,179700.0
2023-01-03,11.52,11.52,11.24,11.33,222300.0
2023-01-02,11.63,11.7,11.36,11.56,207400.0
2022-12-29,11.68,11.69,11.52,11.63,166100.0
2022-12-28,11.48,11.71,11.41,11.68,144600.0
2022-12-27,11.62,11.68,11.41,11.48,127100.0
2022-12-26,11.74,11.74,11.51,11.62,116400.0
2022-12-23,11.69,11.74,11.53,11.73,136800.0
2022-12-22,11.36,11.69,11.3,11.69,171400.0
2022-12-21,11.2,11.36,11.08,11.36,309100.0
2022-12-20,11.15,11.33,11.03,11.19,204200.0
2022-12-19,10.96,11.2,10.9,11.15,340000.0
2022-12-16,11.3,11.32,10.86,10.87,451400.0
2022-12-15,11.03,11.31,11.0,11.18,159400.0
2022-12-14,11.33,11.33,10.79,11.03,432400.0
2022-12-13,11.61,11.68,11.25,11.25,232900.0
2022-12-12,11.74,11.74,11.4,11.61,217700.0
2022-12-09,11.75,11.75,11.59,11.74,147700.0
2022-12-08,11.81,11.87,11.68,11.75,150200.0
2022-12-07,11.77,11.86,11.68,11.79,116700.0
2022-12-06,11.65,11.77,11.6,11.75,191800.0
2022-12-05,11.83,11.83,11.55,11.64,344800.0
2022-12-02,11.87,12.07,11.72,11.72,225500.0
2022-12-01,11.55,11.9,11.38,11.9,326200.0
2022-11-30,12.0,12.01,11.58,11.58,565000.0
2022-11-29,12.08,12.11,11.97,12.02,160000.0
2022-11-28,12.16,12.19,11.99,12.08,177000.0
2022-11-25,12.31,12.39,12.11,12.12,146900.0
2022-11-24,12.15,12.37,12.13,12.3,69600.0
2022-11-23,12.3,12.3,12.08,12.15,129400.0
2022-11-22,12.38,12.5,12.23,12.3,137400.0
2022-11-21,12.38,12.6,12.35,12.38,204100.0
2022-11-18,12.41,12.6,12.29,12.38,219000.0
2022-11-17,12.42,12.42,12.14,12.4,201100.0
2022-11-16,12.76,12.82,12.38,12.42,365500.0
2022-11-14,13.23,13.64,13.23,13.46,296000.0
2022-11-11,12.92,13.23,12.83,13.23,296700.0
2022-11-10,13.18,13.29,12.72,12.92,565400.0
2022-11-09,13.24,13.32,13.07,13.14,155600.0
2022-11-08,13.14,13.21,13.0,13.21,175200.0
2022-11-07,13.27,13.28,13.05,13.14,245900.0
2022-11-04,13.3,13.41,13.18,13.22,204300.0
2022-11-03,13.35,13.37,13.08,13.23,189700.0
2022-11-01,13.42,13.49,13.16,13.35,173900.0
2022-10-31,13.19,13.45,12.9,13.42,210800.0
2022-10-28,13.3,13.4,13.19,13.23,78300.0
2022-10-27,13.18,13.3,13.14,13.3,79400.0
2022-10-26,13.36,13.4,13.05,13.18,132300.0
2022-10-25,13.52,13.52,13.41,13.41,58600.0
2022-10-24,13.31,13.59,13.31,13.52,102600.0
2022-10-21,13.13,13.47,13.09,13.32,134200.0
2022-10-20,13.1,13.16,13.02,13.12,93100.0
2022-10-19,13.06,13.11,12.96,13.11,140900.0
2022-10-18,13.03,13.13,12.96,13.06,177900.0
2022-10-17,13.03,13.1,12.93,13.01,179800.0
2022-10-14,13.14,13.14,12.88,13.03,176100.0
2022-10-13,13.32,13.37,13.0,13.15,159700.0
2022-10-11,13.3,13.37,13.23,13.3,124800.0
2022-10-10,13.31,13.37,13.22,13.34,100500.0
2022-10-07,13.25,13.35,13.19,13.3,111900.0
2022-10-06,13.2,13.3,13.13,13.22,94800.0
2022-10-05,13.28,13.98,13.06,13.2,171500.0
2022-10-04,13.4,13.51,13.15,13.28,139500.0
2022-10-03,13.04,13.35,13.04,13.35,190700.0
2022-09-30,12.97,13.11,12.85,13.04,114100.0
2022-09-29,13.18,13.18,12.84,12.95,179700.0
2022-09-28,13.45,13.46,13.14,13.18,122100.0
2022-09-27,13.71,13.71,13.38,13.41,111100.0
2022-09-26,13.9,13.92,13.57,13.71,106400.0
2022-09-23,13.95,13.99,13.8,13.86,103600.0
2022-09-22,13.95,14.0,13.82,14.0,66000.0
2022-09-21,13.78,13.99,13.78,13.92,55200.0
2022-09-20,13.77,13.86,13.62,13.78,103600.0
2022-09-19,13.59,13.77,13.44,13.77,67900.0
2022-09-16,13.68,13.68,13.48,13.61,130200.0
2022-09-15,13.79,13.79,13.61,13.68,64800.0
2022-09-14,13.8,13.81,13.64,13.79,63500.0
2022-09-13,13.91,13.91,13.71,13.81,93800.0
2022-09-12,13.95,13.97,13.81,13.9,75600.0
2022-09-09,13.95,13.99,13.83,13.95,137300.0
2022-09-08,14.02,14.12,13.87,14.01,88200.0
2022-09-06,14.15,14.16,14.02,14.02,68800.0
2022-09-05,14.13,14.24,14.07,14.15,67700.0
2022-09-02,14.02,14.14,14.01,14.13,68300.0
2022-09-01,13.9,14.2,13.83,14.1,135100.0
2022-08-31,13.59,13.9,13.58,13.82,81800.0
2022-08-30,13.6,13.7,13.55,13.58,67100.0
2022-08-29,13.47,13.7,13.42,13.63,99400.0
2022-08-26,13.33,13.55,13.33,13.4,96800.0
2022-08-25,13.65,13.65,13.39,13.44,126100.0
2022-08-24,13.79,13.79,13.57,13.65,107100.0
2022-08-23,13.83,13.92,13.71,13.75,64600.0
2022-08-22,13.92,13.92,13.74,13.86,62700.0
2022-08-19,14.05,14.05,13.79,13.91,52500.0
2022-08-18,14.44,14.44,13.85,14.07,81900.0
2022-08-17,13.7,14.02,13.6,13.9,93900.0
2022-08-16,14.15,14.15,13.0,13.76,249700.0
2022-08-15,14.43,14.7,14.31,14.5,203900.0
2022-08-12,14.16,14.36,14.08,14.36,151100.0
2022-08-11,14.51,14.62,14.06,14.15,187300.0
2022-08-10,14.38,14.6,14.38,14.41,46000.0
2022-08-09,14.16,14.39,14.16,14.38,38500.0
2022-08-08,14.09,14.3,14.0,14.15,76000.0
2022-08-05,13.97,14.14,13.96,14.14,39900.0
2022-08-04,13.84,13.98,13.84,13.97,49100.0
2022-08-03,13.85,13.89,13.75,13.84,47600.0
2022-08-02,13.58,13.86,13.55,13.85,70900.0
2022-08-01,13.5,13.74,13.46,13.59,74800.0
2022-07-29,13.5,13.6,13.42,13.6,61000.0
2022-07-28,13.48,13.57,13.4,13.53,48200.0
2022-07-27,13.5,13.52,13.31,13.52,49000.0
2022-07-26,13.5,13.68,13.46,13.5,46000.0
2022-07-25,13.39,13.6,13.38,13.5,46600.0
2022-07-22,13.2,13.44,13.2,13.39,44500.0
2022-07-21,13.1,13.2,13.03,13.19,45900.0
2022-07-20,13.1,13.18,13.05,13.09,68400.0
2022-07-19,13.12,13.16,13.04,13.11,39600.0
2022-07-18,13.25,13.34,13.07,13.16,47900.0
2022-07-15,13.16,13.39,13.09,13.22,82500.0
2022-07-14,13.01,13.19,13.01,13.13,46800.0
2022-07-13,13.02,13.05,12.96,13.05,31400.0
2022-07-12,13.02,13.18,13.0,13.02,37700.0
2022-07-11,12.98,13.09,12.94,13.0,57200.0
2022-07-08,13.05,13.11,12.93,12.97,78900.0
2022-07-07,12.93,13.15,12.89,13.08,106200.0
2022-07-06,12.91,13.02,12.72,12.92,47300.0
2022-07-05,12.97,12.97,12.77,12.77,56200.0
2022-07-04,13.11,13.17,12.88,12.97,66300.0
2022-07-01,12.93,13.28,12.85,13.13,91700.0
2022-06-30,12.93,13.04,12.7,12.93,96400.0
2022-06-29,13.15,13.2,12.91,12.93,59800.0
2022-06-28,13.11,13.3,13.05,13.05,42700.0
2022-06-27,13.06,13.16,12.84,13.1,64700.0
2022-06-24,13.24,13.24,13.02,13.04,60200.0
2022-06-23,13.33,13.43,13.15,13.15,49900.0
2022-06-22,13.24,13.38,13.13,13.32,60500.0
2022-06-21,13.5,13.58,13.22,13.22,95300.0
2022-06-20,13.49,13.54,13.4,13.5,51700.0
2022-06-17,13.54,13.59,13.45,13.55,61600.0
2022-06-15,13.51,13.62,13.48,13.59,43300.0
2022-06-14,13.53,13.65,13.46,13.52,34000.0
2022-06-13,13.52,13.6,13.42,13.52,54800.0
2022-06-10,13.51,13.63,13.42,13.51,61800.0
2022-06-09,13.57,13.67,13.45,13.6,44900.0
2022-06-08,13.6,13.63,13.43,13.57,41600.0
2022-06-07,13.79,13.84,13.6,13.6,49500.0
2022-06-06,13.9,14.04,13.78,13.79,85100.0
2022-06-03,13.69,13.95,13.53,13.85,76800.0
2022-06-02,13.5,13.66,13.45,13.66,57500.0
2022-06-01,13.54,13.57,13.37,13.45,94100.0
2022-05-31,13.48,13.55,13.39,13.55,81800.0
2022-05-30,13.43,13.43,13.3,13.39,43300.0
2022-05-27,13.61,13.61,13.34,13.34,78600.0
2022-05-26,13.87,13.91,13.5,13.5,106600.0
2022-05-25,13.92,14.1,13.88,13.88,36100.0
2022-05-24,13.69,14.05,13.65,13.92,63600.0
2022-05-23,13.58,13.75,13.55,13.65,53800.0
2022-05-20,13.72,13.76,13.58,13.58,38100.0
2022-05-19,13.7,13.76,13.58,13.75,40100.0
2022-05-18,13.6,13.76,13.55,13.63,40500.0
2022-05-17,13.42,13.7,13.42,13.6,44700.0
2022-05-16,13.4,13.5,13.36,13.36,82700.0
2022-05-13,13.53,13.57,13.27,13.37,104800.0
2022-05-12,13.33,13.64,13.26,13.51,82100.0
2022-05-11,13.71,14.0,13.24,13.34,195400.0
2022-05-10,13.92,14.21,13.64,13.7,191600.0
2022-05-09,14.99,15.17,14.88,15.1,149900.0
2022-05-06,14.98,15.06,14.85,14.99,127700.0
2022-05-05,15.01,15.1,14.82,14.97,134000.0
2022-05-04,14.94,15.04,14.69,15.04,141300.0
2022-05-03,14.79,14.89,14.65,14.83,51700.0
2022-05-02,14.78,14.78,14.5,14.69,97800.0
2022-04-29,15.07,15.07,14.78,14.79,75100.0
2022-04-28,15.18,15.33,15.07,15.07,46600.0
2022-04-27,15.15,15.27,15.1,15.18,42500.0
2022-04-26,15.08,15.23,14.93,15.08,85500.0
2022-04-25,14.73,15.06,14.66,14.96,70400.0
2022-04-22,14.95,14.95,14.68,14.74,40200.0
2022-04-20,14.72,14.9,14.5,14.76,69000.0
2022-04-19,14.89,14.95,14.73,14.83,43400.0
2022-04-18,14.77,14.95,14.77,14.88,47100.0
2022-04-14,14.84,14.87,14.68,14.85,36000.0
2022-04-13,14.97,15.01,14.8,14.85,37400.0
2022-04-12,14.81,15.02,14.81,14.95,79100.0
2022-04-11,14.75,14.89,14.72,14.8,61400.0
2022-04-08,14.75,14.87,14.65,14.84,54900.0
2022-04-07,14.62,14.76,14.62,14.75,51800.0
2022-04-06,14.83,14.83,14.62,14.62,56700.0
2022-04-05,14.92,14.97,14.74,14.77,62400.0
2022-04-04,14.82,14.94,14.78,14.92,72500.0
2022-04-01,14.84,15.05,14.76,14.82,77900.0
2022-03-31,14.55,14.91,14.55,14.84,42100.0
2022-03-30,14.81,14.9,14.55,14.55,80400.0
2022-03-29,14.86,14.93,14.67,14.78,60300.0
2022-03-28,15.01,15.11,14.8,14.85,97500.0
2022-03-25,14.78,15.1,14.78,15.02,119900.0
2022-03-24,14.49,14.83,14.4,14.79,116700.0
2022-03-23,14.31,14.52,14.27,14.45,180500.0
2022-03-22,14.19,14.41,14.19,14.31,66800.0
2022-03-21,14.11,14.19,14.0,14.15,69500.0
2022-03-18,13.87,14.11,13.81,14.0,121300.0
2022-03-17,13.74,13.87,13.7,13.87,76600.0
2022-03-16,13.69,13.89,13.62,13.74,70500.0
2022-03-15,13.62,13.72,13.54,13.66,84800.0
2022-03-14,13.64,13.77,13.56,13.63,60200.0
2022-03-11,13.62,13.78,13.55,13.64,75000.0
2022-03-10,13.57,13.8,13.47,13.59,81900.0
2022-03-09,13.45,13.67,13.33,13.56,87100.0
2022-03-08,13.58,13.58,13.27,13.33,97800.0
2022-03-07,13.68,13.69,13.47,13.58,111700.0
2022-03-04,13.25,13.85,13.19,13.7,196200.0
2022-03-03,13.24,13.39,13.19,13.25,98800.0
2022-03-02,13.01,13.37,13.01,13.26,93400.0
2022-02-25,13.06,13.27,13.01,13.01,60700.0
2022-02-24,12.89,13.2,12.7,13.11,177000.0
2022-02-23,12.9,13.26,12.9,13.11,148600.0
2022-02-22,12.67,12.96,12.67,12.89,104500.0
2022-02-21,12.66,12.78,12.57,12.62,128100.0
2022-02-18,12.59,12.76,12.55,12.62,127200.0
2022-02-17,12.51,12.55,12.44,12.5,67900.0
2022-02-16,12.6,12.63,12.51,12.51,99200.0
2022-02-15,12.52,12.66,12.47,12.6,68200.0
2022-02-14,12.57,12.65,12.41,12.52,72300.0
2022-02-11,12.62,12.65,12.53,12.56,63300.0
2022-02-10,12.62,12.68,12.53,12.62,46600.0
2022-02-09,12.57,12.65,12.44,12.62,60300.0
2022-02-08,12.68,12.68,12.52,12.57,63200.0
2022-02-07,12.54,12.76,12.54,12.69,66000.0
2022-02-04,12.7,12.7,12.5,12.57,49000.0
2022-02-03,12.67,12.71,12.55,12.65,65400.0
2022-02-02,12.7,12.7,12.5,12.66,50900.0
2022-02-01,12.81,12.84,12.6,12.66,82300.0
2022-01-31,12.62,12.83,12.54,12.81,71300.0
2022-01-28,12.6,12.67,12.41,12.64,74200.0
2022-01-27,12.61,12.7,12.5,12.59,76000.0
2022-01-26,12.75,12.82,12.57,12.6,77800.0
2022-01-25,12.7,12.78,12.51,12.71,60200.0
2022-01-24,12.7,12.83,12.64,12.66,68400.0
2022-01-21,12.61,12.73,12.45,12.66,66300.0
2022-01-20,12.3,12.65,12.3,12.59,80900.0
2022-01-19,12.11,12.31,12.09,12.25,59600.0
2022-01-18,12.12,12.14,12.04,12.09,36800.0
2022-01-17,12.04,12.15,11.98,12.08,69100.0
2022-01-14,12.09,12.1,12.0,12.04,87300.0
2022-01-13,12.04,12.1,12.02,12.09,62200.0
2022-01-12,12.04,12.15,12.02,12.03,71000.0
2022-01-11,12.09,12.13,12.0,12.04,78000.0
2022-01-10,12.15,12.17,12.06,12.11,56600.0
2022-01-07,12.04,12.23,12.02,12.13,57100.0
2022-01-06,12.19,12.21,12.01,12.02,58700.0
2022-01-05,12.25,12.31,12.13,12.13,74600.0
2022-01-04,12.18,12.36,12.11,12.25,64000.0
2022-01-03,12.14,12.29,12.08,12.17,80200.0
2021-12-30,12.12,12.25,12.06,12.12,92000.0
2021-12-29,12.16,12.18,12.05,12.09,70200.0
2021-12-28,12.15,12.2,12.1,12.1,41600.0
2021-12-27,12.11,12.2,12.1,12.12,40100.0
2021-12-23,12.12,12.2,12.03,12.08,46200.0
2021-12-22,12.08,12.15,12.0,12.12,45400.0
2021-12-21,12.12,12.18,12.01,12.08,64800.0
2021-12-20,12.15,12.15,12.05,12.08,48000.0
2021-12-17,12.21,12.27,12.11,12.15,62800.0
2021-12-16,12.05,12.3,12.05,12.17,77700.0
2021-12-15,12.02,12.12,11.88,12.05,64600.0
2021-12-14,11.85,12.2,11.85,11.99,89600.0
2021-12-13,11.92,12.1,10.97,11.84,146100.0
2021-12-10,11.9,12.01,11.83,11.92,56900.0
2021-12-09,11.93,11.98,11.8,11.87,86100.0
2021-12-08,11.98,12.07,11.91,11.93,109400.0
2021-12-07,12.23,12.25,11.98,11.98,191600.0
2021-12-06,12.78,12.98,12.66,12.89,380500.0
2021-12-03,12.58,12.86,12.42,12.65,293800.0
2021-12-02,12.2,12.61,12.18,12.46,258900.0
2021-12-01,11.98,12.21,11.94,12.0,60600.0
2021-11-30,12.07,12.24,11.9,11.95,85400.0
2021-11-29,11.9,12.14,11.9,12.07,56400.0
2021-11-26,11.96,12.0,11.41,11.88,102300.0
2021-11-25,11.96,12.08,11.87,11.96,49000.0
2021-11-24,11.89,11.93,11.78,11.89,45500.0
2021-11-23,11.81,11.9,11.75,11.9,38400.0
2021-11-22,11.89,11.94,11.78,11.81,73500.0
2021-11-19,11.88,12.01,11.83,11.87,45200.0
2021-11-18,11.88,12.02,11.8,11.86,55100.0
2021-11-17,11.75,12.05,11.75,11.8,106600.0
2021-11-16,12.25,12.28,11.93,11.95,140100.0
2021-11-12,12.32,12.46,12.22,12.27,57400.0
2021-11-11,12.54,12.68,12.28,12.32,161900.0
2021-11-10,12.42,12.69,12.37,12.6,93300.0
2021-11-09,12.25,12.47,12.16,12.42,85200.0
2021-11-08,12.38,12.46,12.16,12.25,90700.0
2021-11-05,12.52,12.57,12.34,12.36,89000.0
2021-11-04,12.72,12.9,12.42,12.52,65900.0
2021-11-03,12.38,12.73,12.31,12.72,102600.0
2021-11-01,12.44,12.5,12.35,12.38,51700.0
2021-10-29,12.46,12.48,12.32,12.4,45000.0
2021-10-28,12.48,12.59,12.32,12.32,60400.0
2021-10-27,12.37,12.55,12.35,12.48,41700.0
2021-10-26,12.65,12.65,12.31,12.37,67600.0
2021-10-25,12.38,12.62,12.37,12.54,35600.0
2021-10-22,12.46,12.53,12.19,12.37,96800.0
2021-10-21,12.59,12.59,12.38,12.55,63000.0
2021-10-20,12.52,12.77,12.37,12.59,52700.0
2021-10-19,12.66,12.73,12.54,12.58,55600.0
2021-10-18,12.68,12.8,12.61,12.66,83000.0
2021-10-15,12.6,12.8,12.6,12.66,54600.0
2021-10-14,12.51,12.7,12.46,12.53,52900.0
2021-10-13,12.35,12.53,12.16,12.51,81100.0
2021-10-11,12.4,12.51,12.22,12.23,54800.0
2021-10-08,12.08,12.4,12.08,12.27,61400.0
2021-10-07,12.04,12.15,11.94,12.05,82800.0
2021-10-06,11.9,12.13,11.78,12.03,107500.0
2021-10-05,12.05,12.24,11.92,11.93,74200.0
2021-10-04,12.05,12.09,11.9,12.04,91600.0
2021-10-01,12.11,12.18,12.0,12.03,95000.0
2021-09-30,12.38,12.53,12.1,12.1,146400.0
2021-09-29,12.4,12.59,12.37,12.37,51600.0
2021-09-28,12.33,12.43,12.25,12.38,125200.0
2021-09-27,12.35,12.44,12.27,12.32,48900.0
2021-09-24,12.42,12.49,12.35,12.35,67600.0
2021-09-23,12.47,12.47,12.35,12.46,69100.0
2021-09-22,12.31,12.5,12.27,12.39,120900.0
2021-09-21,12.17,12.36,12.14,12.3,74200.0
2021-09-20,12.19,12.24,11.96,12.14,108700.0
2021-09-17,12.4,12.43,12.33,12.35,77300.0
2021-09-16,12.58,12.58,12.45,12.49,34300.0
2021-09-15,12.78,12.78,12.54,12.59,48800.0
2021-09-14,12.51,12.87,12.51,12.73,52600.0
2021-09-13,12.5,12.59,12.4,12.57,52100.0
2021-09-10,12.51,12.66,12.3,12.41,77700.0
2021-09-09,12.4,12.61,12.27,12.44,104300.0
2021-09-08,12.66,12.66,12.26,12.44,164400.0
2021-09-06,12.6,12.77,12.5,12.66,56400.0
2021-09-03,12.71,12.74,12.6,12.68,38100.0
2021-09-02,12.85,12.85,12.66,12.71,92200.0
2021-09-01,12.71,12.97,12.71,12.83,85300.0
2021-08-31,12.8,12.89,12.67,12.71,62200.0
2021-08-30,12.7,12.77,12.5,12.67,93400.0
2021-08-27,12.84,12.84,12.63,12.7,96600.0
2021-08-26,13.2,13.21,12.75,12.85,234200.0
2021-08-25,13.3,13.35,13.2,13.26,58800.0
2021-08-24,13.28,13.4,13.28,13.35,42500.0
2021-08-23,13.49,13.49,13.2,13.36,87900.0
2021-08-20,13.4,13.5,13.25,13.5,68200.0
2021-08-19,13.23,13.37,13.11,13.24,72900.0
2021-08-18,13.28,13.4,13.19,13.19,62700.0
2021-08-17,13.23,13.37,13.12,13.33,123600.0
2021-08-16,13.23,13.33,13.15,13.24,98100.0
2021-08-13,13.25,13.33,13.11,13.22,55300.0
2021-08-12,13.23,13.29,13.17,13.22,45700.0
2021-08-11,13.22,13.34,13.12,13.23,67600.0
2021-08-10,13.38,13.46,13.21,13.21,78900.0
2021-08-09,13.21,13.4,13.17,13.39,79800.0
2021-08-06,13.07,13.32,13.0,13.21,103800.0
2021-08-05,13.12,13.22,13.02,13.07,59200.0
2021-08-04,13.06,13.24,13.01,13.12,45600.0
2021-08-03,13.1,13.22,12.98,13.05,53100.0
2021-08-02,12.83,13.24,12.61,13.05,143200.0
2021-07-30,12.67,12.7,12.6,12.66,75700.0
2021-07-29,12.71,12.78,12.64,12.66,48600.0
2021-07-28,12.63,12.73,12.58,12.7,67100.0
2021-07-27,12.6,12.7,12.53,12.63,76600.0
2021-07-26,12.76,12.78,12.53,12.6,126200.0
2021-07-23,12.94,12.94,12.7,12.76,85900.0
2021-07-22,12.94,12.94,12.85,12.86,68200.0
2021-07-21,12.88,12.95,12.84,12.94,42000.0
2021-07-20,12.69,12.95,12.67,12.88,64600.0
2021-07-19,12.73,12.89,12.56,12.69,109200.0
2021-07-16,12.66,12.78,12.63,12.72,64400.0
2021-07-15,12.69,12.77,12.57,12.66,93800.0
2021-07-14,12.64,12.79,12.54,12.68,100600.0
2021-07-13,12.53,12.68,12.44,12.58,93100.0
2021-07-12,12.56,12.68,12.48,12.5,134200.0
2021-07-08,12.58,12.64,12.45,12.54,81200.0
2021-07-07,12.55,12.65,12.4,12.59,103700.0
2021-07-06,12.69,12.69,12.47,12.5,127700.0
2021-07-05,12.57,12.68,12.37,12.68,115000.0
2021-07-02,12.35,12.52,12.24,12.48,154800.0
2021-07-01,12.3,12.5,12.15,12.24,181300.0
2021-06-30,12.45,12.46,12.25,12.35,169700.0
2021-06-29,12.57,12.57,12.32,12.42,102900.0
2021-06-28,12.72,12.72,12.5,12.57,115300.0
2021-06-25,12.84,12.89,12.55,12.66,154700.0
2021-06-24,12.85,13.02,12.8,12.82,106700.0
2021-06-23,13.1,13.11,12.81,12.81,169700.0
2021-06-22,13.22,13.22,13.0,13.02,154200.0
2021-06-21,13.4,13.46,13.06,13.17,154900.0
2021-06-18,13.29,13.4,13.18,13.4,66500.0
2021-06-17,13.37,13.53,13.01,13.27,101400.0
2021-06-16,13.55,13.65,13.33,13.35,151500.0
2021-06-15,13.57,13.58,13.46,13.55,82300.0
2021-06-14,13.44,13.58,13.35,13.57,70200.0
2021-06-11,13.54,13.65,13.3,13.33,97100.0
2021-06-10,13.31,13.54,13.28,13.49,95000.0
2021-06-09,13.37,13.42,13.16,13.31,129900.0
2021-06-08,13.4,13.46,13.3,13.36,110600.0
2021-06-07,13.3,13.55,13.25,13.36,153200.0
2021-06-04,13.3,13.34,13.15,13.27,162200.0
2021-06-02,13.17,13.3,13.1,13.19,128600.0
2021-06-01,12.95,13.35,12.94,13.17,104800.0
2021-05-31,13.12,13.18,12.8,12.92,159100.0
2021-05-28,13.24,13.25,13.08,13.08,177000.0
2021-05-27,13.23,13.33,13.05,13.18,150200.0
2021-05-26,13.27,13.36,13.15,13.23,115100.0
2021-05-25,13.34,13.5,13.14,13.26,71300.0
2021-05-24,13.11,13.35,13.11,13.34,93500.0
2021-05-21,13.14,13.28,13.05,13.1,83900.0
2021-05-20,13.06,13.3,13.02,13.13,76200.0
2021-05-19,12.9,13.25,12.6,13.05,105900.0
2021-05-18,13.66,13.76,13.56,13.6,208400.0
2021-05-17,13.61,13.75,13.5,13.58,239100.0
2021-05-14,13.0,13.6,12.98,13.42,198000.0
2021-05-13,12.52,12.75,12.52,12.64,48600.0
2021-05-12,12.79,12.8,12.5,12.5,72100.0
2021-05-11,12.7,12.87,12.42,12.81,92300.0
2021-05-10,12.96,13.04,12.66,12.73,98600.0
2021-05-07,13.03,13.15,12.6,12.88,151000.0
2021-05-06,13.23,13.29,12.9,13.0,99700.0
2021-05-05,13.01,13.44,12.12,13.33,245400.0
2021-05-04,14.15,14.5,14.0,14.1,273800.0
2021-05-03,13.99,14.25,13.91,14.15,248600.0
2021-04-30,13.87,14.0,13.7,13.88,223700.0
2021-04-29,13.68,14.0,13.66,13.75,87000.0
2021-04-28,13.62,13.72,13.53,13.66,65300.0
2021-04-27,13.75,13.75,13.53,13.62,48500.0
2021-04-26,13.66,13.67,13.43,13.58,80200.0
2021-04-23,13.8,14.0,13.41,13.57,154200.0
2021-04-22,13.69,14.0,13.57,13.8,127200.0
2021-04-20,13.58,13.72,13.49,13.62,73100.0
2021-04-19,13.3,13.8,13.3,13.57,80700.0
2021-04-16,13.18,13.4,13.07,13.3,93700.0
2021-04-15,13.1,13.2,13.01,13.1,73900.0
2021-04-14,13.07,13.1,12.95,13.1,61300.0
2021-04-13,12.96,13.1,12.91,13.04,53000.0
2021-04-12,13.03,13.03,12.9,12.96,51700.0
2021-04-09,13.0,13.11,12.87,12.87,120900.0
2021-04-08,13.1,13.14,12.97,13.0,70300.0
2021-04-07,12.9,13.15,12.86,13.04,77000.0
2021-04-06,12.91,12.99,12.73,12.9,87800.0
2021-04-05,12.6,12.9,12.54,12.79,71100.0
2021-04-01,13.0,13.01,12.53,12.57,120500.0
2021-03-31,13.06,13.3,12.9,12.9,77200.0
2021-03-30,12.8,13.15,12.69,13.01,110700.0
2021-03-29,12.0,12.8,12.0,12.8,148500.0
2021-03-26,11.99,12.06,11.82,11.95,64600.0
2021-03-25,11.7,12.0,11.67,11.95,56200.0
2021-03-24,11.96,12.0,11.75,11.79,96000.0
2021-03-23,11.84,12.0,11.75,11.88,56400.0
2021-03-22,11.73,12.03,11.66,11.84,100500.0
2021-03-19,11.57,11.8,11.57,11.73,51300.0
2021-03-18,11.7,11.75,11.52,11.57,92200.0
2021-03-17,11.39,11.68,11.27,11.62,145500.0
2021-03-16,11.22,11.42,11.21,11.41,54200.0
2021-03-15,11.05,11.29,10.98,11.21,103500.0
2021-03-12,11.01,11.15,10.9,11.04,84000.0
2021-03-11,11.05,11.15,11.01,11.01,81600.0
2021-03-10,10.97,11.05,10.81,11.02,81400.0
2021-03-09,10.7,10.95,10.49,10.87,93300.0
2021-03-08,10.8,10.98,10.49,10.58,143500.0
2021-03-05,10.86,11.2,10.5,10.78,149600.0
2021-03-04,10.49,11.0,10.36,10.82,177200.0
2021-03-03,10.18,10.32,10.01,10.22,146700.0
2021-03-02,10.11,10.26,9.95,10.13,154900.0
2021-03-01,9.99,10.34,9.99,10.11,227400.0
2021-02-26,10.34,10.5,10.26,10.35,150400.0
2021-02-25,10.5,10.56,10.3,10.32,120100.0
2021-02-24,10.46,10.55,10.4,10.44,97100.0
2021-02-23,10.51,10.59,10.4,10.45,151800.0
2021-02-22,10.65,10.66,10.09,10.45,236900.0
2021-02-19,10.71,10.85,10.66,10.71,67100.0
2021-02-18,10.83,10.99,10.66,10.71,135800.0
2021-02-17,10.89,10.94,10.75,10.83,82800.0
2021-02-12,10.86,10.9,10.8,10.89,73600.0
2021-02-11,10.91,10.98,10.84,10.85,54200.0
2021-02-10,10.97,11.03,10.84,10.91,73000.0
2021-02-09,10.98,11.05,10.9,10.94,57000.0
2021-02-08,11.11,11.11,10.91,10.98,80200.0
2021-02-05,11.03,11.11,10.95,11.1,56000.0
2021-02-04,11.07,11.17,10.97,11.01,65000.0
2021-02-03,11.06,11.2,11.05,11.07,71900.0
2021-02-02,10.92,11.17,10.86,11.05,102900.0
2021-02-01,10.82,10.97,10.65,10.85,96000.0
2021-01-29,10.87,10.87,10.71,10.75,63200.0
2021-01-28,10.73,10.93,10.72,10.81,60100.0
2021-01-27,10.77,10.8,10.67,10.72,65400.0
2021-01-26,10.86,10.9,10.7,10.71,122000.0
2021-01-22,10.95,11.12,10.69,10.86,150800.0
2021-01-21,11.07,11.09,10.83,10.95,133300.0
2021-01-20,11.2,11.28,11.01,11.07,83000.0
2021-01-19,11.19,11.22,11.08,11.16,70600.0
2021-01-18,11.24,11.35,11.12,11.15,83100.0
2021-01-15,11.25,11.35,11.1,11.23,62900.0
2021-01-14,11.35,11.4,11.16,11.25,63100.0
2021-01-13,11.16,11.35,10.97,11.35,64700.0
2021-01-12,10.86,11.2,10.81,11.16,71400.0
2021-01-11,10.98,11.08,10.8,10.86,102000.0
2021-01-08,10.82,11.03,10.64,10.98,103300.0
2021-01-07,10.93,11.01,10.75,10.8,218300.0
2021-01-06,11.0,11.05,10.9,10.92,116800.0
2021-01-05,11.05,11.1,10.9,10.98,109300.0
2021-01-04,11.2,11.26,10.99,11.05,175900.0
2020-12-30,11.2,11.32,11.08,11.2,77000.0
2020-12-29,11.21,11.26,11.11,11.2,58600.0
2020-12-28,11.04,11.21,11.01,11.21,62400.0
2020-12-23,11.02,11.05,10.9,10.97,69000.0
2020-12-22,11.08,11.1,10.86,11.0,91100.0
2020-12-21,11.23,11.25,10.83,10.9,161400.0
2020-12-18,11.27,11.29,11.09,11.2,90900.0
2020-12-17,11.13,11.33,11.12,11.27,36400.0
2020-12-16,11.23,11.23,11.02,11.12,74500.0
2020-12-15,11.33,11.33,11.13,11.23,116900.0
2020-12-14,11.34,11.74,11.28,11.33,88600.0
2020-12-11,11.06,11.32,11.0,11.3,76500.0
2020-12-10,11.09,11.09,10.88,11.05,75100.0
2020-12-09,11.16,11.18,11.0,11.09,70400.0
2020-12-08,11.16,11.2,11.01,11.15,63400.0
2020-12-07,10.96,11.18,10.86,11.15,83800.0
2020-12-04,11.11,11.19,10.85,10.89,144700.0
2020-12-03,10.94,11.15,10.88,11.09,62600.0
2020-12-02,10.99,11.11,10.8,10.86,102300.0
2020-12-01,11.05,11.2,10.96,10.96,89900.0
2020-11-30,11.04,11.13,11.0,11.04,68100.0
2020-11-27,11.14,11.14,11.0,11.03,59700.0
2020-11-26,11.04,11.08,10.95,11.08,52300.0
2020-11-25,10.92,11.05,10.92,11.04,62300.0
2020-11-24,10.77,10.99,10.75,10.97,53700.0
2020-11-23,10.99,10.99,10.74,10.75,67500.0
2020-11-20,10.93,10.99,10.81,10.84,52100.0
2020-11-19,10.79,11.08,10.78,10.93,70900.0
2020-11-18,10.78,10.84,10.69,10.79,69400.0
2020-11-17,10.84,10.84,10.48,10.78,181600.0
2020-11-16,11.3,11.45,11.01,11.42,232700.0
2020-11-13,10.7,11.07,10.7,10.97,188400.0
2020-11-12,10.48,10.9,10.48,10.6,247100.0
2020-11-11,10.19,10.3,10.12,10.17,42600.0
2020-11-10,10.12,10.24,10.01,10.16,66800.0
2020-11-09,10.1,10.34,10.07,10.11,83100.0
2020-11-06,9.8,10.15,9.75,10.05,65900.0
2020-11-05,9.66,9.84,9.66,9.74,76300.0
2020-11-04,9.53,9.7,9.39,9.67,51300.0
2020-11-03,9.47,9.65,9.4,9.45,75900.0
2020-10-30,9.48,9.48,9.35,9.39,103900.0
2020-10-29,9.47,9.51,9.34,9.48,59900.0
2020-10-28,9.56,9.57,9.4,9.44,84500.0
2020-10-27,9.51,9.6,9.49,9.56,41400.0
2020-10-26,9.5,9.58,9.48,9.5,67100.0
2020-10-23,9.52,9.52,9.47,9.49,54800.0
2020-10-22,9.5,9.52,9.46,9.52,51000.0
2020-10-21,9.52,9.55,9.46,9.53,58900.0
2020-10-20,9.41,9.54,9.41,9.52,41300.0
2020-10-19,9.41,9.48,9.31,9.44,78500.0
2020-10-16,9.35,9.41,9.31,9.37,53200.0
2020-10-15,9.35,9.36,9.3,9.34,67600.0
2020-10-14,9.33,9.39,9.3,9.33,51000.0
2020-10-13,9.33,9.37,9.3,9.32,74500.0
2020-10-09,9.36,9.4,9.3,9.3,98100.0
2020-10-08,9.39,9.4,9.3,9.36,68100.0
2020-10-07,9.39,9.39,9.29,9.39,77500.0
2020-10-06,9.35,9.4,9.3,9.37,55700.0
2020-10-05,9.35,9.39,9.28,9.34,78600.0
2020-10-02,9.36,9.4,9.3,9.32,69900.0
2020-10-01,9.32,9.38,9.29,9.35,49300.0
2020-09-30,9.38,9.38,9.29,9.3,53900.0
2020-09-29,9.3,9.4,9.25,9.33,51200.0
2020-09-28,9.41,9.49,9.22,9.3,87600.0
2020-09-25,9.48,9.48,9.4,9.41,53000.0
2020-09-24,9.48,9.5,9.38,9.45,39800.0
2020-09-23,9.5,9.51,9.41,9.49,49300.0
2020-09-22,9.51,9.51,9.43,9.45,38100.0
2020-09-21,9.43,9.5,9.31,9.49,56200.0
2020-09-18,9.6,9.6,9.43,9.43,83300.0
2020-09-17,9.58,9.6,9.5,9.55,46000.0
2020-09-16,9.56,9.64,9.52,9.55,31500.0
2020-09-15,9.54,9.56,9.49,9.52,40800.0
2020-09-14,9.46,9.58,9.43,9.54,55400.0
2020-09-11,9.69,9.72,9.39,9.45,135100.0
2020-09-10,9.8,9.82,9.52,9.6,63200.0
2020-09-09,9.63,9.82,9.63,9.74,60000.0
2020-09-08,9.48,9.6,9.41,9.59,57700.0
2020-09-04,9.47,9.52,9.36,9.47,94600.0
2020-09-03,9.55,9.59,9.43,9.47,86600.0
2020-09-02,9.52,9.56,9.47,9.56,38200.0
2020-09-01,9.47,9.54,9.44,9.48,76100.0
2020-08-31,9.49,9.5,9.41,9.45,78300.0
2020-08-28,9.45,9.48,9.42,9.44,43400.0
2020-08-27,9.45,9.49,9.41,9.42,51200.0
2020-08-26,9.46,9.52,9.39,9.42,96000.0
2020-08-25,9.42,9.49,9.4,9.45,57200.0
2020-08-24,9.52,9.55,9.4,9.41,116400.0
2020-08-21,9.55,9.55,9.43,9.54,72800.0
2020-08-20,9.57,9.58,9.44,9.55,66400.0
2020-08-19,9.55,9.62,9.47,9.57,34700.0
2020-08-18,9.68,9.77,9.42,9.51,79000.0
2020-08-17,9.8,10.05,9.69,9.78,280000.0
2020-08-14,9.66,9.8,9.56,9.79,159600.0
2020-08-13,9.74,9.75,9.55,9.57,168600.0
2020-08-12,9.7,9.7,9.46,9.54,85500.0
2020-08-11,9.64,9.69,9.58,9.66,50900.0
2020-08-10,9.63,9.66,9.5,9.63,52100.0
2020-08-07,9.6,9.61,9.52,9.61,41800.0
2020-08-06,9.47,9.61,9.4,9.6,41600.0
2020-08-05,9.59,9.6,9.41,9.46,86900.0
2020-08-04,9.67,9.67,9.47,9.55,72600.0
2020-08-03,9.75,9.77,9.61,9.64,75300.0
2020-07-31,9.75,9.83,9.7,9.72,48700.0
2020-07-30,9.66,9.78,9.61,9.74,32900.0
2020-07-29,9.62,9.7,9.57,9.65,52600.0
2020-07-28,9.58,9.65,9.51,9.65,39800.0
2020-07-27,9.49,9.62,9.46,9.54,78200.0
2020-07-24,9.42,9.49,9.3,9.46,42600.0
2020-07-23,9.49,9.49,9.35,9.41,61800.0
2020-07-22,9.51,9.51,9.43,9.46,35500.0
2020-07-21,9.41,9.5,9.4,9.49,41200.0
2020-07-20,9.43,9.47,9.39,9.41,50000.0
2020-07-17,9.39,9.46,9.39,9.43,57400.0
2020-07-16,9.53,9.53,9.35,9.39,127400.0
2020-07-15,9.46,9.51,9.39,9.46,74400.0
2020-07-14,9.58,9.59,9.4,9.45,74500.0
2020-07-13,9.5,9.6,9.47,9.51,40000.0
2020-07-10,9.58,9.58,9.47,9.5,58700.0
2020-07-09,9.49,9.64,9.49,9.54,47600.0
2020-07-08,9.48,9.59,9.4,9.57,47800.0
2020-07-07,9.59,9.6,9.4,9.46,78900.0
2020-07-06,9.57,9.64,9.48,9.6,77600.0
2020-07-03,9.5,9.55,9.46,9.52,34900.0
2020-07-02,9.59,9.62,9.41,9.48,83600.0
2020-07-01,9.43,9.61,9.43,9.54,40800.0
2020-06-30,9.52,9.59,9.37,9.43,47100.0
2020-06-29,9.4,9.51,9.35,9.49,39500.0
2020-06-26,9.46,9.59,9.3,9.39,45900.0
2020-06-25,9.5,9.55,9.38,9.44,46000.0
2020-06-24,9.63,9.63,9.38,9.47,67500.0
2020-06-23,9.7,9.75,9.5,9.53,116000.0
2020-06-22,9.65,9.77,9.61,9.67,65800.0
2020-06-19,9.6,9.75,9.6,9.64,34700.0
2020-06-18,9.67,9.7,9.52,9.6,34100.0
2020-06-17,9.58,9.7,9.47,9.59,32100.0
2020-06-16,9.57,9.74,9.46,9.47,54200.0
2020-06-15,9.55,9.61,9.33,9.51,39600.0
2020-06-12,9.69,9.7,9.4,9.57,64900.0
2020-06-10,9.82,9.85,9.63,9.7,41100.0
2020-06-09,9.72,9.85,9.55,9.68,52000.0
2020-06-08,9.88,9.88,9.51,9.73,66700.0
2020-06-05,9.5,9.87,9.42,9.69,36500.0
2020-06-04,9.6,9.85,9.4,9.46,87500.0
2020-06-03,9.7,9.97,9.55,9.61,71800.0
2020-06-02,9.7,9.7,9.46,9.7,70800.0
2020-06-01,9.6,9.78,9.3,9.66,71200.0
2020-05-29,9.51,9.6,9.44,9.55,42100.0
2020-05-28,9.41,9.51,9.39,9.42,43600.0
2020-05-27,9.35,9.51,9.35,9.5,47700.0
2020-05-26,9.5,9.69,9.37,9.37,48800.0
2020-05-25,9.36,9.54,9.35,9.5,76600.0
2020-05-22,9.45,9.45,9.12,9.28,27800.0
2020-05-21,9.02,9.38,9.0,9.35,42900.0
2020-05-20,9.19,9.23,8.95,9.05,35800.0
2020-05-19,9.31,9.42,9.24,9.36,87200.0
2020-05-18,9.16,9.34,9.02,9.31,69100.0
2020-05-15,9.05,9.34,8.97,9.05,59200.0
2020-05-14,8.93,9.0,8.71,9.0,14400.0
2020-05-13,8.81,8.96,8.81,8.9,13600.0
2020-05-12,9.0,9.05,8.85,8.89,23900.0
2020-05-11,9.0,9.1,8.9,8.91,25800.0
2020-05-08,9.1,9.1,8.83,9.0,21900.0
2020-05-07,9.2,9.46,8.9,9.01,34200.0
2020-05-06,9.25,9.29,9.02,9.13,24300.0
2020-05-05,9.23,9.34,9.06,9.25,16800.0
2020-05-04,9.14,9.2,8.94,9.15,38400.0
2020-04-30,9.21,9.32,9.1,9.14,23900.0
2020-04-29,9.67,9.67,9.21,9.27,21800.0
2020-04-28,9.52,9.7,9.37,9.45,20300.0
2020-04-27,9.15,9.54,9.14,9.52,27600.0
2020-04-24,9.2,9.27,8.7,8.92,55000.0
2020-04-23,9.15,9.43,9.15,9.2,23900.0
2020-04-22,9.08,9.4,8.99,9.26,37700.0
2020-04-20,8.91,8.99,8.74,8.94,29400.0
2020-04-17,9.11,9.2,8.85,8.91,54300.0
2020-04-16,9.2,9.21,8.94,9.06,32400.0
2020-04-15,9.0,9.25,8.91,9.15,22700.0
2020-04-14,8.96,9.5,8.96,9.15,26800.0
2020-04-13,9.11,9.11,8.8,9.06,24200.0
2020-04-09,9.09,9.31,9.0,9.11,21200.0
2020-04-08,9.2,9.21,8.91,9.08,30000.0
2020-04-07,9.24,9.78,9.2,9.2,33600.0
2020-04-06,9.0,9.39,8.92,9.2,26000.0
2020-04-03,9.0,9.05,8.72,8.89,31100.0
2020-04-02,8.84,9.0,8.8,8.96,25100.0
2020-04-01,8.7,8.78,8.52,8.61,25700.0
2020-03-31,8.73,8.93,8.57,8.9,36300.0
2020-03-30,8.84,8.84,8.51,8.73,49300.0
2020-03-27,8.6,8.9,8.5,8.77,38200.0
2020-03-26,8.56,8.92,8.5,8.87,41100.0
2020-03-25,8.6,8.89,8.26,8.56,72800.0
2020-03-24,8.55,8.82,8.27,8.57,26600.0
2020-03-23,8.7,8.71,8.0,8.27,44800.0
2020-03-20,8.65,9.12,8.65,8.82,43300.0
2020-03-19,9.17,9.17,8.41,8.64,47000.0
2020-03-18,9.46,9.46,8.6,8.93,49600.0
2020-03-17,9.11,9.59,9.1,9.55,47900.0
2020-03-16,9.63,9.63,8.7,9.0,54900.0
2020-03-13,9.81,10.28,9.01,9.67,74000.0
2020-03-12,9.89,9.9,8.2,9.63,111300.0
2020-03-11,10.07,10.28,9.23,9.9,67400.0
2020-03-10,9.86,10.18,9.79,9.99,47300.0
2020-03-09,9.65,9.78,9.2,9.63,63700.0
2020-03-06,9.87,10.19,9.5,9.99,44800.0
2020-03-05,10.31,10.48,9.68,9.88,36300.0
2020-03-04,10.18,10.48,10.16,10.36,21100.0
2020-03-03,10.15,10.39,10.08,10.16,30100.0
2020-03-02,9.95,10.37,9.93,10.07,39100.0
2020-02-28,9.85,9.9,9.36,9.9,55000.0
2020-02-27,9.79,10.09,9.7,9.93,32500.0
2020-02-26,9.99,9.99,9.55,9.79,45300.0
2020-02-21,10.25,10.25,10.1,10.12,26200.0
2020-02-20,10.35,10.44,10.1,10.21,35300.0
2020-02-19,10.39,10.5,10.35,10.35,13600.0
2020-02-18,10.63,10.63,10.32,10.38,11700.0
2020-02-17,10.2,10.53,10.2,10.52,20100.0
2020-02-14,10.38,10.46,10.23,10.3,9300.0
2020-02-13,10.35,10.48,10.3,10.38,12600.0
2020-02-12,10.32,10.51,10.22,10.51,20300.0
2020-02-11,10.06,10.39,10.06,10.3,15600.0
2020-02-10,10.1,10.23,9.82,10.04,23700.0
2020-02-07,10.3,10.33,10.1,10.17,13500.0
2020-02-06,10.39,10.59,10.28,10.28,20700.0
2020-02-05,10.5,10.55,10.28,10.28,18400.0
2020-02-04,10.63,10.63,10.39,10.45,16400.0
2020-02-03,10.39,10.64,10.38,10.46,18200.0
2020-01-31,10.5,10.58,10.32,10.4,22000.0
2020-01-30,10.58,10.79,10.35,10.65,24700.0
2020-01-29,10.64,10.83,10.57,10.58,11500.0
2020-01-28,10.45,10.77,10.4,10.7,16600.0
2020-01-27,10.6,10.66,10.26,10.48,29600.0
2020-01-24,10.73,10.88,10.56,10.69,14100.0
2020-01-23,10.69,10.85,10.56,10.72,11500.0
2020-01-22,10.72,10.8,10.54,10.69,14300.0
2020-01-21,10.81,10.85,10.66,10.66,20300.0
2020-01-20,10.54,10.8,10.45,10.66,19200.0
2020-01-17,10.3,10.5,10.3,10.5,25500.0
2020-01-16,10.36,10.4,10.25,10.3,25900.0
2020-01-15,10.24,10.35,10.17,10.35,24000.0
2020-01-14,10.28,10.33,10.17,10.24,24900.0
2020-01-13,10.18,10.29,10.1,10.29,26200.0
2020-01-10,10.12,10.29,10.11,10.18,20500.0
2020-01-09,10.24,10.3,10.04,10.11,59800.0
2020-01-08,10.26,10.3,10.1,10.24,52700.0
2020-01-07,10.58,10.58,10.11,10.24,36400.0
2020-01-06,10.28,10.43,10.14,10.34,22200.0
2020-01-03,10.19,10.35,10.08,10.29,39400.0
2020-01-02,10.29,10.42,10.01,10.11,55500.0
2019-12-30,10.1,10.28,9.95,10.28,35900.0
2019-12-27,10.2,10.28,10.05,10.13,19100.0
2019-12-26,10.18,10.3,10.11,10.17,29800.0
2019-12-23,10.01,10.2,9.95,10.09,21700.0
2019-12-20,10.0,10.0,9.9,10.0,26600.0
2019-12-19,10.1,10.1,9.85,10.05,30400.0
2019-12-18,10.07,10.18,9.97,10.09,17200.0
2019-12-17,10.19,10.19,10.01,10.01,27200.0
2019-12-16,10.15,10.33,10.15,10.19,23100.0
2019-12-13,9.93,10.07,9.8,9.99,33500.0
2019-12-12,9.78,9.96,9.78,9.94,28200.0
2019-12-11,9.76,9.84,9.6,9.76,30200.0
2019-12-10,9.75,9.77,9.65,9.77,20400.0
2019-12-09,9.67,9.76,9.61,9.74,17100.0
2019-12-06,9.68,9.69,9.62,9.65,27300.0
2019-12-05,9.6,9.66,9.36,9.65,22300.0
2019-12-04,9.53,9.6,9.47,9.52,18900.0
2019-12-03,9.54,9.6,9.47,9.6,12100.0
2019-12-02,9.46,9.78,9.46,9.46,28200.0
2019-11-29,9.4,9.48,9.4,9.45,18500.0
2019-11-28,9.31,9.4,9.3,9.35,8400.0
2019-11-27,9.3,9.39,9.23,9.31,20500.0
2019-11-26,9.31,9.32,9.15,9.28,30600.0
2019-11-25,9.41,9.49,9.25,9.31,29400.0
2019-11-22,9.3,9.44,9.3,9.4,17600.0
2019-11-21,9.37,9.45,9.16,9.28,31300.0
2019-11-19,9.43,9.5,9.35,9.4,21500.0
2019-11-18,9.46,9.58,9.32,9.43,30500.0
2019-11-14,9.5,9.64,9.32,9.36,28700.0
2019-11-13,9.45,9.54,9.38,9.41,11500.0
2019-11-12,9.48,9.51,9.35,9.45,16000.0
2019-11-11,9.28,9.55,9.28,9.49,21300.0
2019-11-08,9.67,9.76,9.43,9.5,23800.0
2019-11-07,9.58,9.84,9.58,9.67,9700.0
2019-11-06,9.65,9.73,9.51,9.57,23800.0
2019-11-05,9.69,9.8,9.57,9.6,27000.0
2019-11-04,9.73,9.84,9.65,9.7,25900.0
2019-11-01,9.74,9.9,9.52,9.73,31200.0
2019-10-31,9.6,9.9,9.51,9.84,16700.0
2019-10-30,9.43,9.59,9.43,9.54,11500.0
2019-10-29,9.29,9.48,9.29,9.34,15300.0
2019-10-28,9.33,9.43,9.2,9.35,9600.0
2019-10-25,9.4,9.52,9.26,9.33,9900.0
2019-10-24,9.6,9.63,9.38,9.39,16800.0
2019-10-23,9.68,9.68,9.41,9.59,17300.0
2019-10-22,9.53,9.8,9.45,9.45,16800.0
2019-10-21,9.45,9.59,9.42,9.45,10700.0
2019-10-18,9.48,9.48,9.3,9.38,5800.0
2019-10-17,9.31,9.55,9.2,9.37,16000.0
2019-10-16,9.33,9.42,9.14,9.31,20600.0
2019-10-15,9.56,9.59,9.31,9.31,29300.0
2019-10-14,9.34,9.63,9.25,9.49,15200.0
2019-10-11,9.16,9.4,9.16,9.25,8200.0
2019-10-10,9.17,9.25,9.11,9.11,18300.0
2019-10-09,9.39,9.39,9.08,9.17,12300.0
2019-10-08,9.33,9.33,9.14,9.22,17800.0
2019-10-07,9.62,9.86,9.2,9.33,37300.0
2019-10-04,9.6,9.77,9.5,9.6,9400.0
2019-10-03,9.48,9.67,9.38,9.58,12000.0
2019-10-02,9.85,9.85,9.52,9.52,20800.0
2019-10-01,9.79,9.85,9.67,9.85,10100.0
2019-09-30,9.8,9.87,9.67,9.79,8900.0
2019-09-27,9.82,9.9,9.61,9.74,14400.0
2019-09-26,9.77,9.92,9.62,9.71,13000.0
2019-09-25,9.8,9.85,9.67,9.75,14600.0
2019-09-24,9.86,10.0,9.85,9.85,14200.0
2019-09-23,10.1,10.38,9.81,9.96,13200.0
2019-09-20,10.31,10.4,10.0,10.05,19300.0
2019-09-19,10.1,10.31,9.99,10.3,13100.0
2019-09-18,10.0,10.15,10.0,10.13,7800.0
2019-09-17,9.82,10.3,9.75,10.05,9300.0
2019-09-16,9.96,10.05,9.62,9.98,13300.0
2019-09-13,10.04,10.2,9.95,9.96,17800.0
2019-09-12,9.87,10.15,9.87,10.05,9900.0
2019-09-11,9.59,9.89,9.5,9.87,8800.0
2019-09-10,9.7,9.8,9.5,9.71,14300.0
2019-09-09,9.99,9.99,9.52,9.78,15400.0
2019-09-06,10.01,10.01,9.6,9.8,11500.0
2019-09-05,9.76,10.0,9.75,9.76,13900.0
2019-09-04,9.68,9.9,9.65,9.76,12200.0
2019-09-03,9.74,9.8,9.35,9.71,14300.0
2019-09-02,9.84,9.93,9.71,9.74,16500.0
2019-08-30,9.65,9.81,9.54,9.73,8000.0
2019-08-29,9.61,9.75,9.34,9.75,5400.0
2019-08-28,9.39,9.47,8.91,9.42,10000.0
2019-08-27,9.24,9.41,9.12,9.24,9000.0
2019-08-26,9.25,9.58,9.13,9.13,12200.0
2019-08-23,9.5,9.5,9.21,9.25,10400.0
2019-08-22,9.4,9.74,9.22,9.45,9100.0
2019-08-21,9.38,9.89,9.08,9.56,9500.0
2019-08-20,9.55,9.8,9.18,9.38,11800.0
2019-08-19,9.6,9.84,9.51,9.56,11000.0
2019-08-16,9.8,9.81,9.51,9.56,8800.0
2019-08-15,9.77,10.0,9.61,9.62,6900.0
2019-08-14,10.1,10.15,9.72,9.77,9700.0
2019-08-13,10.04,10.1,10.0,10.1,6000.0
2019-08-12,10.1,10.1,9.85,10.04,6600.0
2019-08-09,9.89,10.03,9.84,10.0,10700.0
2019-08-08,9.95,10.2,9.95,10.07,16100.0
2019-08-07,10.19,10.19,9.74,10.0,11000.0
2019-08-06,10.22,10.35,9.98,10.19,8700.0
2019-08-05,10.15,10.22,10.02,10.02,3400.0
2019-08-02,10.25,10.25,10.0,10.19,1200.0
2019-08-01,9.76,10.28,9.76,10.22,6800.0
2019-07-31,9.75,9.9,9.75,9.75,4300.0
2019-07-30,9.74,9.96,9.74,9.95,3000.0
2019-07-29,10.0,10.0,9.63,9.65,9400.0
2019-07-26,10.0,10.21,9.8,9.9,8800.0
2019-07-25,10.16,10.16,9.2,10.08,12200.0
2019-07-24,10.24,10.24,10.1,10.16,1100.0
2019-07-23,10.3,10.39,10.01,10.24,2900.0
2019-07-22,10.02,10.3,10.0,10.29,3900.0
2019-07-19,10.0,10.19,9.89,10.01,5700.0
2019-07-18,10.06,10.2,9.8,10.19,7000.0
2019-07-17,10.06,10.15,10.0,10.15,5200.0
2019-07-16,10.16,10.2,10.01,10.06,6200.0
2019-07-15,10.26,10.34,10.15,10.16,8300.0
2019-07-12,10.5,10.5,10.1,10.14,5300.0
2019-07-11,10.26,10.56,10.1,10.4,4000.0
2019-07-10,10.29,10.65,10.29,10.35,3700.0
2019-07-08,10.35,10.5,9.97,10.29,6300.0
2019-07-05,10.2,10.39,10.2,10.35,8400.0
2019-07-04,10.19,10.35,10.19,10.2,8900.0
2019-07-03,9.98,10.15,9.9,10.15,6000.0
2019-07-02,10.0,10.05,9.94,9.98,5200.0
2019-07-01,9.89,10.09,9.8,10.0,4200.0
2019-06-28,9.83,10.1,9.72,9.89,13900.0
2019-06-27,9.85,10.1,9.1,9.83,18500.0
2019-06-26,9.76,9.85,9.75,9.82,5600.0
2019-06-25,9.71,9.8,9.7,9.75,10500.0
2019-06-24,9.87,9.87,9.71,9.8,4800.0
2019-06-21,9.8,9.98,9.78,9.78,6400.0
2019-06-19,9.6,9.79,9.51,9.79,6800.0
2019-06-18,9.73,9.8,9.61,9.72,4100.0
2019-06-17,9.74,9.74,9.64,9.65,2700.0
2019-06-14,9.87,9.95,9.61,9.74,5800.0
2019-06-13,10.0,10.0,9.85,9.98,4800.0
2019-06-12,10.02,10.15,10.0,10.0,7400.0
2019-06-11,9.78,10.01,9.78,10.01,3700.0
2019-06-10,9.9,10.05,9.85,10.05,12900.0
2019-06-07,9.75,9.88,9.75,9.85,7100.0
2019-06-06,9.59,9.76,9.59,9.75,4600.0
2019-06-05,9.5,9.75,9.5,9.59,5700.0
2019-06-04,9.54,9.79,9.0,9.5,7600.0
2019-06-03,9.4,9.57,9.31,9.54,7600.0
2019-05-31,9.35,9.5,9.3,9.48,6800.0
2019-05-30,9.1,9.3,9.05,9.29,3800.0
2019-05-29,9.3,9.3,9.05,9.06,1400.0
2019-05-28,9.05,9.34,9.05,9.25,4000.0
2019-05-27,8.85,9.22,8.85,9.16,1100.0
2019-05-24,9.01,9.02,9.0,9.0,1800.0
2019-05-23,8.99,9.34,8.91,9.0,2200.0
2019-05-22,8.83,9.5,8.83,9.0,5200.0
2019-05-21,8.91,9.14,8.83,8.83,3600.0
2019-05-20,8.6,9.3,8.6,9.0,5800.0
2019-05-17,8.76,8.95,8.56,8.66,8500.0
2019-05-16,8.9,8.98,8.73,8.9,3300.0
2019-05-15,9.2,9.2,8.85,9.02,11500.0
2019-05-14,8.94,9.16,8.94,9.16,3100.0
2019-05-13,9.05,9.19,8.9,8.9,8700.0
2019-05-10,9.52,9.63,9.23,9.23,4100.0
2019-05-09,9.5,9.5,9.15,9.39,1300.0
2019-05-08,9.37,9.65,9.31,9.5,6600.0
2019-05-07,9.22,9.49,9.22,9.49,4100.0
2019-05-06,9.35,9.68,9.24,9.27,2900.0
2019-05-03,9.45,9.48,9.31,9.35,7600.0
2019-05-02,9.22,9.37,9.15,9.2,4300.0
2019-04-30,9.3,9.42,9.1,9.36,6600.0
2019-04-29,9.42,9.5,9.3,9.3,1700.0
2019-04-26,9.2,9.4,9.11,9.3,3900.0
2019-04-25,9.55,9.55,9.2,9.45,1400.0
2019-04-24,9.69,9.71,9.16,9.44,8100.0
2019-04-23,9.7,9.7,9.56,9.59,1200.0
2019-04-22,9.58,9.7,9.58,9.69,5400.0
2019-04-18,9.21,9.57,9.21,9.56,6200.0
2019-04-17,9.32,9.39,9.15,9.35,1500.0
2019-04-16,9.05,9.7,9.05,9.25,7400.0
2019-04-15,9.07,9.22,8.95,8.99,1400.0
2019-04-12,9.2,9.29,9.07,9.07,6900.0
2019-04-11,9.6,9.6,9.25,9.45,1200.0
2019-04-10,9.58,9.58,9.4,9.55,800.0
2019-04-09,9.49,9.58,9.49,9.58,2900.0
2019-04-08,9.4,9.55,9.4,9.49,4700.0
2019-04-05,9.36,9.6,9.36,9.44,4500.0
2019-04-04,9.28,9.36,8.93,9.36,5800.0
2019-04-03,9.05,9.4,8.95,9.08,4900.0
2019-04-02,9.37,9.4,9.18,9.18,1300.0
2019-04-01,9.25,9.31,8.93,9.31,4800.0
2019-03-29,8.9,9.36,8.9,9.25,3200.0
2019-03-28,8.61,9.38,8.53,9.1,5200.0
2019-03-27,8.93,9.0,8.7,8.75,9700.0
2019-03-26,9.18,9.21,9.0,9.05,10700.0
2019-03-25,9.53,9.53,8.9,9.18,6300.0
2019-03-22,9.1,9.69,8.63,9.69,9300.0
2019-03-21,9.25,9.26,9.09,9.1,7500.0
2019-03-20,9.49,9.51,9.15,9.28,7100.0
2019-03-19,9.45,9.73,9.45,9.49,7200.0
2019-03-18,9.59,9.6,9.4,9.55,5400.0
2019-03-15,9.53,9.9,9.53,9.57,4500.0
2019-03-14,9.81,9.9,9.5,9.52,6400.0
2019-03-13,9.6,9.85,9.6,9.64,4800.0
2019-03-12,9.65,9.78,9.4,9.75,3200.0
2019-03-11,9.44,9.57,9.37,9.5,3100.0
2019-03-08,9.24,9.48,9.19,9.44,2000.0
2019-03-07,9.25,9.25,9.0,9.19,5200.0
2019-03-06,9.3,9.39,9.19,9.25,3100.0
2019-03-01,9.59,9.89,9.23,9.37,5600.0
2019-02-28,9.66,9.84,9.36,9.58,7400.0
2019-02-27,9.5,9.81,9.46,9.81,3000.0
2019-02-26,9.53,9.6,9.45,9.46,1700.0
2019-02-25,9.73,9.73,9.3,9.64,8200.0
2019-02-22,9.5,9.86,9.43,9.86,3500.0
2019-02-21,9.77,9.78,9.46,9.5,8500.0
2019-02-20,9.94,9.99,9.76,9.77,3400.0
2019-02-19,9.66,10.01,9.65,9.79,3800.0
2019-02-18,9.64,9.95,9.52,9.95,800.0
2019-02-15,9.7,9.78,9.64,9.7,2500.0
2019-02-14,9.65,9.89,9.61,9.7,1900.0
2019-02-13,9.76,9.8,9.6,9.6,2000.0
2019-02-12,9.9,10.04,9.7,9.77,6900.0
2019-02-11,10.08,10.12,9.61,9.88,5800.0
2019-02-08,9.61,10.05,9.54,10.05,4700.0
2019-02-07,9.75,10.0,9.7,9.75,6800.0
2019-02-06,9.87,10.11,9.73,9.75,11600.0
2019-02-05,9.8,10.1,9.8,10.05,1800.0
2019-02-04,9.7,9.9,9.6,9.8,2900.0
2019-02-01,9.84,10.1,9.6,9.75,7900.0
2019-01-31,9.62,10.03,9.52,9.85,6400.0
2019-01-30,9.62,9.79,9.61,9.61,7200.0
2019-01-29,9.91,9.91,9.59,9.6,4800.0
2019-01-28,9.55,10.0,9.5,9.59,7800.0
2019-01-24,9.45,9.52,9.41,9.46,4000.0
2019-01-23,9.4,9.65,9.36,9.46,1500.0
2019-01-22,9.22,9.37,9.22,9.35,3200.0
2019-01-21,9.4,9.68,9.21,9.41,7000.0
2019-01-18,9.35,9.5,9.35,9.4,4000.0
2019-01-17,9.39,9.44,9.16,9.2,3600.0
2019-01-16,9.26,9.5,9.21,9.23,6700.0
2019-01-15,9.41,9.68,9.36,9.41,11700.0
2019-01-14,10.03,10.15,9.22,9.4,5900.0
2019-01-11,9.26,10.5,9.26,9.6,6100.0
2019-01-10,9.3,9.34,9.11,9.21,5400.0
2019-01-09,9.1,9.3,9.1,9.18,2600.0
2019-01-08,9.25,9.25,9.0,9.05,4200.0
2019-01-07,9.5,9.8,9.0,9.18,14400.0
2019-01-04,9.07,10.0,9.07,9.23,9700.0
2019-01-03,8.95,9.05,8.75,9.05,4000.0
2019-01-02,8.47,8.95,8.4,8.95,4000.0
2018-12-28,8.4,8.7,8.4,8.47,1900.0
2018-12-27,8.37,8.46,8.2,8.21,1700.0
2018-12-26,8.28,8.89,8.0,8.11,1300.0
2018-12-21,8.28,8.37,8.1,8.37,1600.0
2018-12-20,8.02,8.33,8.02,8.07,1700.0
2018-12-19,7.91,8.19,7.91,8.0,5000.0
2018-12-18,8.29,8.47,8.0,8.1,2400.0
2018-12-17,8.85,8.99,8.53,8.53,2900.0
2018-12-14,8.98,8.99,8.75,8.99,1400.0
2018-12-13,8.59,9.0,8.4,8.69,3500.0
2018-12-12,8.17,8.73,8.17,8.6,4900.0
2018-12-11,8.29,8.29,7.9,8.1,1100.0
2018-12-10,8.11,8.11,7.9,7.9,2300.0
2018-12-07,8.44,8.44,7.9,8.01,4800.0
2018-12-06,8.18,8.38,8.01,8.02,1900.0
2018-12-05,8.19,8.19,8.18,8.18,300.0
2018-12-04,8.13,8.24,8.1,8.1,2300.0
2018-12-03,8.31,8.31,8.0,8.1,1400.0
2018-11-30,7.9,7.9,7.9,7.9,500.0
2018-11-29,8.0,8.0,7.99,7.99,1300.0
2018-11-28,7.8,8.0,7.8,8.0,4900.0
2018-11-27,7.82,8.0,7.81,8.0,700.0
2018-11-26,8.2,8.2,7.81,7.81,9200.0
2018-11-23,7.99,8.33,7.99,8.0,7800.0
2018-11-22,8.0,8.28,8.0,8.28,1800.0
2018-11-21,8.4,8.48,7.99,8.0,4500.0
2018-11-19,8.4,8.5,8.1,8.24,4300.0
2018-11-16,8.4,8.4,8.4,8.4,600.0
2018-11-14,8.19,8.3,7.95,8.29,900.0
2018-11-13,8.1,8.1,7.88,8.1,1800.0
2018-11-12,7.95,8.07,7.95,8.0,1100.0
2018-11-09,8.0,8.06,7.76,8.05,1800.0
2018-11-08,8.15,8.15,8.0,8.0,4400.0
2018-11-07,8.5,8.66,8.1,8.2,4000.0
2018-11-06,8.5,8.5,8.45,8.45,400.0
2018-11-05,7.91,8.3,7.91,8.3,500.0
2018-11-01,8.8,8.81,8.34,8.34,4300.0
2018-10-31,7.91,8.84,7.91,8.84,1500.0
2018-10-30,7.9,7.9,7.89,7.9,1200.0
2018-10-29,7.8,8.0,7.8,7.9,1500.0
2018-10-26,7.55,7.79,7.55,7.79,600.0
2018-10-25,7.6,7.8,7.6,7.6,800.0
2018-10-24,7.32,7.7,7.3,7.65,2300.0
2018-10-23,7.5,7.5,7.36,7.41,1700.0
2018-10-22,8.0,8.0,7.5,7.5,1100.0
2018-10-19,7.8,7.8,7.45,7.5,500.0
2018-10-18,7.57,7.57,7.57,7.57,300.0
2018-10-17,7.55,7.55,7.55,7.55,600.0
2018-10-16,7.59,7.69,7.55,7.57,1300.0
2018-10-15,7.5,7.5,7.5,7.5,300.0
2018-10-11,7.4,7.5,7.4,7.5,600.0
2018-10-10,7.99,8.0,7.12,7.3,3200.0
2018-10-09,8.0,8.0,7.82,7.82,800.0
2018-10-08,7.55,7.55,7.55,7.55,200.0
2018-10-05,7.5,7.6,7.5,7.6,1100.0
2018-10-04,7.5,7.5,7.34,7.35,2000.0
2018-10-03,7.5,7.5,7.3,7.3,900.0
2018-10-02,7.2,7.2,7.2,7.2,2600.0
2018-10-01,7.2,7.2,7.0,7.0,500.0
2018-09-28,7.16,7.16,7.16,7.16,100.0
2018-09-27,7.17,7.17,7.16,7.16,1600.0
2018-09-26,7.05,7.23,7.0,7.2,1900.0
2018-09-25,6.86,7.0,6.85,7.0,3400.0
2018-09-24,7.1,7.1,6.89,6.89,3300.0
2018-09-19,6.8,6.99,6.72,6.77,1300.0
2018-09-18,7.19,7.19,6.75,6.75,300.0
2018-09-17,7.19,7.19,7.19,7.19,300.0
2018-09-14,6.8,7.0,6.8,7.0,400.0
2018-09-13,6.7,6.9,6.7,6.9,300.0
2018-09-12,6.85,7.0,6.85,7.0,500.0
2018-09-11,6.88,6.88,6.7,6.7,600.0
2018-09-10,7.0,7.0,6.8,6.92,1100.0
2018-09-06,7.0,7.4,6.68,7.4,3000.0
2018-09-05,6.89,6.9,6.89,6.9,200.0
2018-09-04,6.75,6.75,6.61,6.7,1300.0
2018-09-03,7.0,7.0,6.82,6.82,300.0
2018-08-31,6.8,6.81,6.75,6.81,1600.0
2018-08-30,6.8,6.87,6.8,6.83,2900.0
2018-08-29,7.5,7.5,6.75,6.9,700.0
2018-08-28,6.81,7.4,6.81,7.05,700.0
2018-08-27,7.4,7.4,7.4,7.4,200.0
2018-08-24,6.9,7.37,6.8,6.8,1600.0
2018-08-23,7.2,7.2,7.0,7.0,200.0
2018-08-22,6.9,6.9,6.9,6.9,200.0
2018-08-21,6.82,6.98,6.82,6.98,400.0
2018-08-17,6.95,7.5,6.95,7.5,300.0
2018-08-16,7.05,7.05,7.05,7.05,100.0
2018-08-15,7.05,7.05,7.05,7.05,100.0
2018-08-13,6.9,6.97,6.6,6.6,500.0
2018-08-10,7.0,7.0,6.55,6.55,500.0
2018-08-09,6.88,7.0,6.8,7.0,1000.0
2018-08-08,6.92,7.0,6.85,7.0,900.0
2018-08-07,7.2,7.2,7.19,7.19,500.0
2018-08-06,6.9,7.29,6.9,7.2,700.0
2018-08-03,7.1,7.11,7.0,7.0,400.0
2018-08-02,7.2,7.2,7.0,7.04,1000.0
2018-08-01,7.07,7.1,7.05,7.05,500.0
2018-07-31,7.06,7.06,7.0,7.0,200.0
2018-07-30,6.95,7.0,6.95,7.0,500.0
2018-07-27,7.06,7.06,7.06,7.06,300.0
2018-07-26,6.65,6.85,6.65,6.85,400.0
2018-07-25,7.06,7.06,7.06,7.06,100.0
2018-07-24,7.0,7.0,7.0,7.0,500.0
2018-07-23,7.0,7.08,7.0,7.08,200.0
2018-07-20,7.01,7.1,7.0,7.0,800.0
2018-07-18,7.26,7.26,7.26,7.26,400.0
2018-07-17,7.1,7.25,7.1,7.25,1500.0
2018-07-16,6.8,7.0,6.8,7.0,200.0
2018-07-12,6.98,7.26,6.98,7.26,1700.0
2018-07-11,6.94,6.98,6.85,6.98,1300.0
2018-07-10,6.71,6.85,6.71,6.85,700.0
2018-07-06,6.7,6.7,6.7,6.7,100.0
2018-07-05,6.6,6.7,6.6,6.7,1200.0
2018-07-04,6.6,6.68,6.4,6.67,1700.0
2018-07-03,6.6,6.69,6.52,6.52,1800.0
2018-07-02,6.8,6.97,6.5,6.97,2400.0
2018-06-29,6.99,6.99,6.99,6.99,400.0
2018-06-28,6.99,6.99,6.99,6.99,2400.0
2018-06-26,6.4,6.99,6.4,6.99,200.0
2018-06-25,6.98,6.98,6.75,6.75,400.0
2018-06-22,6.65,6.65,6.6,6.6,200.0
2018-06-21,6.69,7.27,6.69,6.79,900.0
2018-06-19,7.6,7.6,6.77,6.77,700.0
2018-06-18,6.69,7.27,6.69,7.27,500.0
2018-06-14,7.38,7.6,6.9,7.3,600.0
2018-06-13,7.4,7.4,7.0,7.0,400.0
2018-06-12,7.5,7.5,6.8,7.2,800.0
2018-06-11,6.8,7.1,6.8,7.1,1400.0
2018-06-08,7.0,7.0,6.53,6.8,600.0
2018-06-07,6.63,7.0,6.6,6.6,600.0
2018-06-06,7.2,7.2,7.2,7.2,600.0
2018-06-05,7.2,7.2,7.2,7.2,200.0
2018-06-04,7.04,7.5,7.04,7.2,600.0
2018-06-01,6.5,7.17,6.4,7.17,900.0
2018-05-29,6.0,6.0,6.0,6.0,1100.0
2018-05-28,6.11,6.11,6.0,6.0,1000.0
2018-05-25,6.4,6.4,6.4,6.4,100.0
2018-05-24,6.4,6.41,6.4,6.4,1100.0
2018-05-23,6.43,7.0,6.42,6.42,600.0
2018-05-21,6.43,6.43,6.4,6.4,200.0
2018-05-18,6.7,6.72,6.34,6.34,1300.0
2018-05-17,6.58,6.58,6.55,6.55,1200.0
2018-05-16,6.3,6.8,6.3,6.45,2000.0
2018-05-15,6.7,6.7,6.7,6.7,2400.0
2018-05-14,7.02,7.1,6.95,6.95,500.0
2018-05-11,7.2,7.2,7.15,7.15,300.0
2018-05-10,7.0,7.0,7.0,7.0,400.0
2018-05-09,6.96,6.96,6.96,6.96,400.0
2018-05-08,6.95,6.95,6.95,6.95,200.0
2018-05-07,7.21,7.21,7.2,7.2,400.0
2018-05-04,7.5,7.5,7.3,7.3,300.0
2018-05-03,7.51,7.51,7.5,7.5,400.0
2018-05-02,7.29,7.3,7.29,7.3,600.0
2018-04-27,7.39,7.39,7.39,7.39,500.0
2018-04-26,7.25,7.25,7.25,7.25,400.0
2018-04-25,7.27,7.27,7.27,7.27,300.0
2018-04-23,7.3,7.3,7.26,7.26,300.0
2018-04-19,7.4,7.4,7.33,7.33,500.0
2018-04-13,7.4,7.4,7.32,7.32,800.0
2018-04-12,7.31,7.31,7.31,7.31,200.0
2018-04-11,7.8,7.8,7.35,7.35,1400.0
2018-04-09,7.58,7.58,7.38,7.38,300.0
2018-04-06,7.8,7.8,7.8,7.8,500.0
2018-04-04,7.79,7.8,7.79,7.8,700.0
2018-03-29,7.6,7.8,7.6,7.8,400.0
2018-03-28,7.8,7.8,7.8,7.8,300.0
2018-03-27,7.45,7.9,7.45,7.9,2500.0
2018-03-26,7.5,7.5,7.5,7.5,100.0
2018-03-23,7.09,7.09,7.09,7.09,100.0
2018-03-22,7.05,7.1,7.01,7.01,300.0
2018-03-21,7.0,7.1,7.0,7.1,1400.0
2018-03-19,6.99,6.99,6.99,6.99,200.0
2018-03-16,6.89,6.89,6.89,6.89,300.0
2018-03-15,6.98,6.98,6.88,6.88,700.0
2018-03-13,6.99,7.0,6.99,7.0,2400.0
2018-03-12,6.99,6.99,6.99,6.99,5100.0
2018-03-09,7.0,7.0,6.99,6.99,300.0
2018-03-08,7.0,7.0,7.0,7.0,100.0
2018-03-07,6.99,7.0,6.65,6.96,3300.0
2018-03-06,7.0,7.19,7.0,7.0,400.0
2018-03-02,7.1,7.2,7.1,7.2,1800.0
2018-03-01,7.0,7.01,7.0,7.0,800.0
2018-02-28,7.05,7.05,7.0,7.01,1600.0
2018-02-27,7.19,7.19,7.18,7.19,1100.0
2018-02-26,7.45,7.7,7.45,7.56,1100.0
2018-02-23,7.69,7.69,7.5,7.5,400.0
2018-02-22,7.69,7.69,7.69,7.69,100.0
2018-02-21,7.37,7.37,7.37,7.37,200.0
2018-02-20,7.07,7.09,7.0,7.0,500.0
2018-02-19,7.35,7.35,6.9,6.9,1800.0
2018-02-16,7.1,7.2,7.1,7.2,700.0
2018-02-14,6.52,6.61,6.52,6.61,400.0
2018-02-09,6.5,6.6,6.05,6.5,4700.0
2018-02-08,6.84,6.84,6.7,6.7,600.0
2018-02-06,6.83,6.83,6.83,6.83,500.0
2018-02-05,6.89,6.89,6.89,6.89,100.0
2018-02-02,7.0,7.0,6.89,6.89,200.0
2018-01-31,7.0,7.0,7.0,7.0,200.0
2018-01-30,6.95,6.95,6.95,6.95,300.0
2018-01-29,6.9,7.0,6.9,7.0,400.0
2018-01-26,6.85,6.89,6.83,6.83,800.0
2018-01-19,6.9,6.9,6.76,6.9,1100.0
2018-01-18,6.98,6.98,6.98,6.98,200.0
2018-01-17,6.7,7.0,6.7,6.99,700.0
2018-01-16,7.0,7.0,6.9,6.9,1000.0
2018-01-15,6.9,6.9,6.9,6.9,200.0
2018-01-12,7.0,7.1,6.7,7.0,800.0
2018-01-11,7.0,7.0,6.85,6.85,1100.0
2018-01-10,7.0,7.0,6.94,6.94,800.0
2018-01-09,7.27,7.27,7.01,7.01,500.0
2018-01-05,7.34,7.34,7.01,7.01,300.0
2018-01-03,7.61,7.61,7.5,7.5,200.0
2017-12-26,6.94,7.15,6.94,7.15,300.0
2017-12-22,6.93,6.93,6.93,6.93,200.0
2017-12-21,7.02,7.02,6.9,6.9,1200.0
2017-12-19,7.02,7.02,7.02,7.02,300.0
2017-12-15,7.5,7.5,7.0,7.1,800.0
2017-12-14,6.99,6.99,6.99,6.99,100.0
2017-12-13,7.08,7.2,6.98,6.98,600.0
2017-12-11,7.1,7.1,7.0,7.0,200.0
2017-12-08,7.0,7.04,7.0,7.04,300.0
2017-12-06,7.0,7.0,7.0,7.0,100.0
2017-12-05,6.99,6.99,6.99,6.99,900.0
2017-12-04,6.99,6.99,6.99,6.99,100.0
2017-12-01,6.9,6.9,6.9,6.9,100.0
2017-11-28,7.1,7.11,7.1,7.11,200.0
2017-11-24,7.0,7.05,7.0,7.03,700.0
2017-11-23,6.88,6.88,6.88,6.88,100.0
2017-11-21,7.0,7.05,6.9,6.9,600.0
2017-11-17,6.91,6.95,6.91,6.95,400.0
2017-11-16,6.97,7.0,6.97,7.0,1700.0
2017-11-13,6.73,6.99,6.73,6.99,600.0
2017-11-09,7.0,7.0,7.0,7.0,1400.0
2017-11-07,7.0,7.0,7.0,7.0,1300.0
2017-11-06,7.06,7.1,6.9,6.91,600.0
2017-10-30,7.03,7.19,7.0,7.0,400.0
2017-10-27,7.2,7.2,7.2,7.2,1200.0
2017-10-26,7.28,7.3,7.09,7.2,3400.0
2017-10-24,7.2,7.25,7.0,7.25,600.0
2017-10-20,7.41,7.41,7.28,7.35,2400.0
2017-10-19,7.5,7.5,7.29,7.3,1600.0
2017-10-18,7.4,7.4,7.4,7.4,200.0
2017-10-16,7.37,7.5,7.37,7.5,500.0
2017-10-11,7.75,7.75,7.75,7.75,300.0
2017-10-10,7.6,7.6,7.6,7.6,300.0
2017-10-09,7.6,7.65,7.6,7.65,400.0
2017-10-06,8.05,8.05,8.05,8.05,200.0
2017-10-05,7.4,8.11,7.4,8.11,1000.0
2017-10-04,7.53,7.53,7.52,7.53,1100.0
2017-10-03,8.05,8.46,8.05,8.14,400.0
2017-10-02,8.06,8.06,8.06,8.06,100.0
2017-09-29,7.55,7.55,7.55,7.55,100.0
2017-09-27,7.34,7.34,7.34,7.34,100.0
2017-09-26,7.35,7.4,7.31,7.31,600.0
2017-09-25,7.55,7.55,7.55,7.55,1000.0
2017-09-22,7.52,7.57,7.5,7.55,600.0
2017-09-21,7.6,7.6,7.6,7.6,1100.0
2017-09-20,8.06,8.06,7.95,7.95,200.0
2017-09-19,7.99,8.06,7.85,7.85,1600.0
2017-09-18,8.2,8.2,8.09,8.09,1100.0
2017-09-15,7.79,7.79,7.79,7.79,200.0
2017-09-14,7.5,7.8,7.47,7.79,1700.0
2017-09-13,7.75,7.75,7.75,7.75,300.0
2017-09-12,7.8,7.8,7.75,7.75,200.0
2017-09-04,7.79,7.79,7.79,7.79,100.0
2017-08-31,7.52,7.7,7.52,7.7,1100.0
2017-08-30,7.53,7.53,7.5,7.5,1500.0
2017-08-29,7.51,7.68,7.51,7.52,1000.0
2017-08-28,7.48,7.49,7.48,7.49,300.0
2017-08-21,7.62,7.62,7.62,7.62,200.0
2017-08-18,7.6,7.6,7.6,7.6,400.0
2017-08-17,7.75,7.76,7.75,7.76,900.0
2017-08-16,7.5,7.66,7.5,7.64,1100.0
2017-08-15,7.95,7.95,7.95,7.95,200.0
2017-08-14,7.65,7.67,7.62,7.62,500.0
2017-08-11,7.6,7.6,7.6,7.6,100.0
2017-08-10,7.95,7.95,7.95,7.95,300.0
2017-08-09,8.0,8.0,8.0,8.0,200.0
2017-08-04,8.01,8.01,8.01,8.01,100.0
2017-08-02,8.0,8.0,7.9,7.9,200.0
2017-08-01,7.6,8.0,7.6,8.0,200.0
2017-07-27,7.91,7.91,7.91,7.91,1000.0
2017-07-26,7.75,7.91,7.7,7.91,300.0
2017-07-25,8.17,8.17,8.17,8.17,100.0
2017-07-24,7.7,8.19,7.7,8.19,1100.0
2017-07-21,8.0,8.0,7.6,7.6,600.0
2017-07-20,7.15,7.4,7.15,7.27,900.0
2017-07-18,7.54,7.54,7.54,7.54,100.0
2017-07-17,7.6,7.6,7.5,7.5,1500.0
2017-07-13,8.2,8.5,8.2,8.2,1100.0
2017-07-12,7.99,7.99,7.99,7.99,300.0
2017-07-11,7.33,8.0,7.33,8.0,300.0
2017-07-10,7.32,7.32,7.32,7.32,100.0
2017-07-06,7.3,7.3,7.3,7.3,100.0
2017-07-03,7.5,7.5,7.49,7.49,700.0
2017-06-30,7.5,7.5,7.49,7.5,700.0
2017-06-23,7.79,7.83,7.79,7.8,2400.0
2017-06-20,7.9,7.98,7.9,7.98,900.0
2017-06-19,7.99,7.99,7.99,7.99,100.0
2017-06-16,7.8,8.0,7.8,8.0,400.0
2017-06-14,7.9,7.9,7.9,7.9,400.0
2017-06-07,7.9,7.9,7.9,7.9,300.0
2017-06-05,8.0,8.0,7.9,7.9,1400.0
2017-06-02,8.5,8.5,8.0,8.0,1600.0
2017-05-26,10.02,10.02,10.02,10.02,800.0
2017-05-25,10.02,10.02,10.02,10.02,200.0
2017-05-18,10.0,10.0,10.0,10.0,100.0
2017-05-17,8.0,8.0,8.0,8.0,100.0
2007-04-30,24.0,24.0,24.0,24.0,200.0
